"Gene","Module"
"RPS4Y1",0
"DDX3Y",0
"CXCL3",3
"KDM5D",0
"XIST",0
"EIF1AY",0
"USP9Y",0
"TSIX",0
"HLA-DRB4",2
"CXCL2",1
"TXLNGY",0
"CXCL8",1
"INHBA",1
"CCL20",3
"HLA-DQA1",0
"IL6",3
"F3",3
"COXFA4L3",3
"CXCL1",3
"OLR1",3
"ACOD1",3
"IL1B",3
"OLFM4",7
"THBS1",1
"SERPINB2",3
"HBG2",1
"HLA-DQB1",0
"CHI3L1",7
"TNFAIP6",3
"ARG1",7
"PHLDA1",3
"SLC7A11",3
"CCL2",3
"LTF",7
"CCL7",3
"DEFA4",7
"EREG",1
"NRIP3",3
"IL1R1",3
"ANXA3",7
"ZFY",0
"IL1R2",1
"EGR3",4
"UTY",0
"CA1",5
"PTGES",1
"CEACAM8",7
"EDN1",3
"GPR84",3
"BPI",7
"CRISP3",7
"LOC105374947",3
"GEM",4
"TNFRSF17",1
"FCER1A",1
"MMP1",3
"HBD",1
"MET",3
"G0S2",1
"MMP19",3
"HCAR3",1
"GYPA",5
"AREG",1
"C11orf96",3
"HMGN2P46",3
"CD1D",3
"TMEM52B",7
"MMP8",7
"MIR3945HG",3
"FERMT2",3
"HEY1",3
"CXCL10",13
"GJB2",3
"DUSP4",1
"NR4A2",1
"FCRL2",1
"FLT1",3
"LCN2",7
"TNFSF15",3
"GYPB",5
"CD177",7
"PTGS2",1
"ALAS2",5
"SLPI",7
"PLAU",3
"MMP9",7
"NUMA1",4
"DOCK4",1
"MS4A6A",4
"AHSP",5
"S100P",7
"CEACAM6",7
"CREM",3
"CCRL2",3
"MAFF",1
"SLC25A37",1
"ZNF595",1
"CNTNAP2",1
"TMEM176B",2
"FNDC3B",1
"TNF",3
"BANK1",1
"TTTY14",0
"LGALS2",4
"MS4A1",1
"ARPIN",4
"SCN3A",1
"RGS1",1
"FCRL5",1
"PTX3",3
"TCL1A",1
"PLAUR",1
"MPO",7
"SLC4A1",5
"SLC6A6",1
"MYL4",5
"IGHM",1
"AQP9",1
"CACNA2D3",4
"FOLR3",10
"IGLC1",1
"SPP1",3
"NEBL",0
"EPB42",5
"ORM1",7
"ELANE",7
"FAM118A",0
"CTSL",3
"IL1RN",3
"CD160",1
"PI3",3
"BLNK",1
"CCL8",13
"LOC105377782",0
"HBM",5
"TNIP3",3
"FCRL3",1
"NR4A3",1
"NRG1",4
"KLHL14",1
"LINC02724",4
"MIR155HG",3
"GK",3
"KRT1",5
"PRSS23",1
"LINC01410",4
"JCHAIN",1
"OSBPL10",1
"HBEGF",1
"TMEM176A",2
"SNCA",5
"TREML4",1
"MARCHF1",3
"CLEC5A",1
"IFI27",1
"TRIM10",5
"EMP1",1
"MYO10",1
"TLR7",1
"AFF3",1
"RTN1",4
"CD44",3
"NAMPT",1
"SELENBP1",5
"RASGEF1B",1
"PPIF",3
"MELTF",3
"ARL5B",3
"CXCL5",3
"BTBD19",3
"CD24",7
"PAX5",1
"IGLV2-14",1
"CD1C",1
"PLPP3",3
"KLRF1",1
"PTGDR",1
"CCL4",3
"FCRL1",1
"KCNJ15",1
"GSDME",3
"TGFBI",4
"POU2AF1",1
"RASSF4",4
"SPRY2",1
"LYZ",4
"RNASE3",7
"SDC2",1
"MACROD2",1
"EGR2",1
"PHACTR1",1
"ATF3",1
"CX3CR1",1
"TCN1",7
"PPP1R15A",1
"PLD1",3
"FHDC1",5
"OSM",1
"CTSG",7
"SOX6",5
"NHS",3
"MMP10",3
"FGL2",4
"C2CD4B",3
"ADAMDEC1",3
"CEACAM1",7
"SPINK1",3
"FOSL2",1
"FOSB",1
"GK3",3
"GIRGL",3
"CYSTM1",7
"SLC24A4",4
"TRDV3",1
"TP53INP2",1
"IGKV1-17",1
"SDC4",1
"LILRB1",4
"LOC105377276",1
"RSAD2",13
"ZNF704",4
"HBA2",1
"MPEG1",4
"MGAM",7
"ABCC13",5
"KYNU",3
"ICAM1",1
"MFAP3L",9
"LOC102724587",7
"BABAM2-AS1",1
"LILRA1",4
"ZC3H12C",3
"EBF1",6
"CXCL11",13
"EGR1",1
"IDO1",13
"VCAN",4
"ATXN1",1
"IFNG",1
"ADM",1
"CLC",1
"SKIL",1
"MYBL1",1
"IFIT3",13
"PRICKLE1",1
"SMIM24",5
"SLC7A5",3
"CPVL",4
"LRRN3",1
"ELOVL7",3
"RETN",7
"CAMP",7
"LINC00926",1
"HEMGN",5
"OCLN",1
"FCAR",1
"ARHGEF12",5
"MS4A3",7
"B3GNT5",1
"HLA-DOB",1
"TRDC",1
"CYP4F3",7
"TFPI2",3
"IL36G",3
"SERPINB10",7
"P2RY13",4
"MAMLD1",3
"CD36",4
"HBBP1",5
"CDKN1A",1
"RBP7",4
"CSF3",3
"LINC00865",1
"TTTY15",0
"RAB13",1
"NHSL2",4
"CPED1",4
"CXCL9",3
"IRF5",4
"PID1",1
"OASL",1
"GZMH",1
"ANKRD22",1
"CHRM3-AS2",1
"GPNMB",1
"HP",7
"IGKC",1
"SLAMF7",3
"CDKN1C",3
"BAIAP2-DT",4
"RNF182",5
"GJB6",1
"CD14",4
"PPARD",1
"CD83",1
"SLC35F5",1
"SEMA6B",1
"FCN1",4
"TRPC1",1
"IFIT1",13
"SLC39A8",3
"MYOM2",1
"SIRPG",1
"ADGRG3",6
"ITGB3",9
"TRIM58",5
"GZMA",1
"NCR3LG1",3
"RHAG",5
"NAP1L2",1
"MS4A4A",6
"GAS2L3",1
"PLIN2",1
"GMPR",5
"SIPA1L1",3
"CD109",3
"SLCO4A1",3
"LPAR1",4
"LPAR5",1
"SLC46A2",4
"ERG",7
"ABCA1",1
"HLA-DOA",1
"CIITA",3
"HERC2P7",1
"LY86",4
"PROM1",7
"CAMTA1",1
"MIR3142HG",3
"LARGE1",1
"HILPDA",1
"FGFBP2",1
"KANK1",3
"TNS1",1
"PROS1",9
"ACSL1",1
"CCDC163",1
"TACSTD2",7
"CPD",1
"RAB27B",3
"NIPAL2",1
"PDE4D",1
"KLF8",1
"CD180",1
"SCD5",1
"SIGLEC1",4
"LOC101927069",4
"SAMSN1",1
"PLEK2",5
"VEGFA",1
"RNF135",4
"TUBB2A",1
"NEIL3",7
"IGKV1D-13",1
"KRT23",1
"LGALS3",1
"IL10",3
"MPL",9
"TRIB1",1
"NINJ1",6
"FAXDC2",5
"IQGAP3",7
"CLMN",3
"DEPDC1",7
"ATP13A3",3
"TTC22",1
"SYNPO2",3
"CCL22",1
"ZNF703",3
"SPRY1",1
"NME8",4
"ZNF285",1
"ABCA13",7
"ALDH1A1",4
"LAMP3",13
"ANLN",7
"TRAF3IP3",1
"DDIT4L",3
"KIF18B",7
"ADGRB3-DT",4
"ZNF248",1
"SLC1A3",3
"TFPI",3
"DNAJC6",5
"PARAIL",3
"TMCC2",5
"KIF16B",1
"RRM2",7
"IGLV3-25",1
"SH3BGRL2",9
"CHD7",1
"IGHD",1
"IREB2",8
"E2F7",1
"SNX9",1
"MIR22HG",1
"CD300LF",4
"IGLV1-44",1
"KLF1",5
"DPYSL3",3
"EPHA1-AS1",4
"LDB2",1
"ZNF573",1
"CD274",3
"FOSL1",3
"BIRC5",7
"TLR8",4
"TRIM7",4
"RIN2",1
"ACACB",1
"RNASE6",4
"GLUL",1
"TM4SF1",7
"ZNF532",3
"OAS1",13
"TNFAIP3",1
"TMEM144",4
"INSIG1",1
"CENPA",7
"NFE4",1
"HLA-DMB",3
"LINC01465",3
"ZNF662",1
"RNASE2",10
"PGLYRP1",7
"NAPSB",2
"XK",5
"LRRK2",4
"ETS2",1
"FAM30A",1
"DACT1",1
"NR3C2",1
"PDE5A",9
"MROCKI",7
"NEFL",1
"AUNIP",7
"CD33",4
"HBQ1",5
"HBB",1
"MECOM",1
"SERPING1",13
"A2M-AS1",1
"SERPINB8",3
"SLAMF6",1
"EIF2AK4",1
"CD244",3
"SLC25A45",1
"STMN3",1
"E2F2",7
"NOCT",1
"SLC14A1",5
"HOXB-AS1",7
"MN1",1
"IRAK3",1
"INPP4B",1
"FKBP9",4
"KIAA1671",1
"VIM",1
"VNN3P",1
"TREM1",1
"TIMP1",1
"ZC3H12A",1
"FCGR2B",1
"TCP11L2",5
"SPECC1",3
"CACHD1",1
"PF4",9
"ELAPOR1",1
"SLC41A2",3
"SPTA1",5
"SPON2",1
"RNASE4",4
"GATM",1
"IGKV1OR2-108",1
"KANSL1-AS1",1
"HLA-DPA1",12
"KCNH8",1
"RECK",1
"UPB1",6
"SLC22A1",3
"SSPN",1
"TMTC2",4
"F13A1",9
"BLTP3B",1
"CD19",1
"AZU1",7
"ZFP36L1",2
"PARP11-AS1",1
"DRAM1",3
"SCO2",2
"MYLK",9
"NOG",1
"TAB3",1
"ODAD4",5
"IGKV4-1",1
"SLC44A5",1
"COL4A3",1
"PLBD1",4
"CFD",2
"CRISPLD2",4
"ITGA9",7
"ANKRD55",1
"ABCB4",1
"SLC28A3",7
"ZNF697",3
"JUN",1
"GNAZ",9
"TDRP",9
"NFKBIA",1
"IGLJ3",1
"RNF144B",1
"ADAMTS5",1
"APBB2",1
"IER3",1
"HOPX",1
"GLCE",1
"CLCN4",1
"LOC105379362",1
"BCAT1",1
"RHOBTB1",9
"DDX11L2",9
"TAL1",9
"NEDD4L",5
"ALDH2",4
"LTBP1",9
"CXCR2",4
"H3C10",9
"FOS",1
"RHCE",5
"CYP4F29P",1
"NFAT5",1
"SH2D1B",1
"DTL",7
"LACC1",3
"AATBC",4
"ANPEP",6
"IGLV@",1
"LINC00996",1
"SLC16A10",15
"SLC15A2",1
"KMO",12
"LEF1-AS1",1
"SIGLEC7",4
"DNM3",9
"TSHZ2",1
"CKMT2-AS1",1
"ZNF467",2
"LOC105369890",3
"ASPH",1
"CCL28",1
"THBD",1
"IVNS1ABP",1
"GFOD1",1
"SLC25A39",5
"FCRLA",1
"SAMD12",1
"LIF",3
"ZSWIM7",1
"COBLL1",1
"FCGR3B",1
"TBX21",1
"OMA1",1
"TNFSF13",4
"KAT14",1
"EPB41L3",1
"CLEC7A",3
"IFI44L",13
"YOD1",5
"DUSP5",1
"GRN",2
"CEBPD",4
"ZFC3H1",1
"SLC22A4",1
"EHD1",6
"RUNDC3A",5
"STON2",9
"BEND2",9
"PCLAF",7
"SKAP1-AS2",1
"CDK1",7
"APOBEC3B",7
"PLXDC1",1
"SIGLEC5",7
"BPGM",5
"TLCD4",5
"ERVH48-1",4
"SPARC",9
"HRH1",3
"PSAT1",12
"TRAF1",3
"S100B",1
"PLEK",1
"KIF4A",7
"MS4A7",10
"KCNE3",10
"PMAIP1",1
"AGO2",1
"FAM184A",15
"SPX",9
"LRG1",1
"VNN1",1
"BEX1",7
"SLC39A11",4
"MNDA",4
"LINC00494",1
"COX11",1
"ANKRD36BP2",1
"LINC01366",3
"STEAP4",1
"FNIP2",3
"PF4V1",9
"ATP6V1C1",12
"SMOX",5
"CTNNAL1",1
"CSF1R",4
"CMSS1",4
"PDK4",4
"CDKAL1",1
"CSRNP1",1
"GABARAPL1",1
"MXD1",1
"GZMK",1
"COLGALT2",1
"SAMD9L",6
"LINC01013",1
"SLC43A3",3
"EPHX2",1
"CLDN23",1
"KLF2",3
"LY6K",3
"KMT5B",8
"P2RX5",1
"IL12B",3
"TDRKH-AS1",1
"CA3",5
"RIGI",1
"XCL1",1
"SEC14L1",1
"PTPRO",1
"ZBTB43",2
"TNFAIP8L2",8
"CUX2",1
"ZKSCAN7",1
"CFP",2
"PYCARD",2
"AK4",3
"POLR1HASP",1
"CST3",2
"CDCP1",3
"MME",1
"CCNA1",3
"B3GNT7",3
"SUCNR1",7
"KCNK5",7
"CR2",1
"MS4A14",4
"ITGB5",9
"CEP43",1
"PKHD1L1",1
"GCSAML",1
"CEP55",7
"DYNLT5",7
"INAVA",7
"ITLN1",5
"METTL21A",14
"PHACTR2",7
"LYPD3",3
"LAIR2",1
"VSTM1",10
"CPA3",1
"DYSF",7
"MPPED2",1
"OSGIN2",1
"CKAP2L",7
"ZFY-AS1",7
"C1orf74",1
"LAMB3",3
"HRH2",4
"DIAPH3",7
"S100Z",4
"CD163",4
"CAVIN2",9
"NACC2",4
"ADAP2",2
"NDUFAF4",8
"CTTN",9
"ABCD3",12
"C12orf42",1
"SESN3",2
"GLI4",2
"LOC101928343",2
"BCL2A1",1
"DHRS9",7
"SETBP1",1
"BID",6
"MIR503HG",3
"NMT2",1
"OSBP2",5
"PDGFD",1
"SNTG2-AS1",2
"AKR1C3",1
"CDC42",1
"LIMA1",1
"VPS45",1
"ZHX2",3
"NOSIP",2
"CARMIL1",1
"MAFG",1
"PPP1R3E",1
"GVINP1",1
"SLC46A3",1
"C2orf74",1
"DRC2",1
"ADHFE1",1
"NLRP12",10
"RIOK3",5
"PADI4",7
"GNLY",1
"IFI44",13
"RRAGD",6
"PWAR6",1
"ANXA2",3
"RAP2C",1
"CPEB4",2
"PLXDC2",4
"GIMAP1",1
"RGCC",1
"SCML4",1
"OSGEPL1",1
"PBX1",9
"CUTALP",1
"IRGQ",3
"GUSBP14",3
"YBX3",5
"SAXO2",1
"WLS",4
"LOC389834",1
"LILRA3",10
"HMMR",7
"RDH13",1
"SLC25A43",1
"CD79A",1
"H3C3",7
"RABGEF1",1
"TMEM14A",1
"HPSE",6
"PLEKHH2",1
"GADD45B",1
"DLGAP5",7
"HDAC9",1
"PDLIM7",6
"HTATSF1P2",10
"CLU",9
"CMTM2",1
"CLEC12A",4
"SPRED2",3
"BEST1",1
"CD72",1
"COL4A4",1
"PDZD4",1
"DPEP2",1
"ANKRD9",5
"EGF",9
"ARL4A",5
"NEAT1",11
"POP5",1
"DAAM2",7
"LINC01550",1
"KCNJ2",3
"ATP8B4",7
"KLF4",12
"GNA15",1
"MGAT4A",3
"ANK1",5
"LACTB",1
"TMEM158",1
"NLRP3",1
"CLEC4A",4
"DHRS4-AS1",1
"LRRC25",2
"IFIH1",1
"FFAR2",1
"MIER1",8
"SLC11A1",1
"TRAV12-3",1
"BTN3A2",1
"DNAJC24",1
"MAN1C1",1
"DUSP16",3
"GZMB",1
"USP18",13
"CLYBL",1
"MSRB3",7
"LINC02273",2
"CRYZ",1
"CALCRL",3
"IL1RAP",1
"PSMA8",1
"CD22",1
"MTARC1",4
"DAGLB",0
"CHP1",1
"HAL",4
"CPM",1
"ZNF599",1
"ZBTB10",1
"TSPAN13",1
"PTGR1",1
"SLC66A3",3
"GRB10",3
"GUCY1B1",9
"C1RL",1
"ERAP2",1
"ABCG2",5
"PMEPA1",15
"MTERF2",1
"SLX4IP",1
"MARCHF8",5
"NT5E",1
"CYP1B1",0
"PPBP",9
"ELOVL6",5
"PTPRK",1
"RAB20",1
"EIF2AK3-DT",3
"TOP2A",7
"ZNF578",1
"ARHGEF40",2
"TMC8",1
"SLC6A8",5
"ZDBF2",4
"AMIGO1",1
"CCNB2",7
"SLC43A2",1
"C3AR1",6
"IFFO1",3
"PCYT1B",9
"MCEMP1",6
"KIF14",7
"ZMIZ1-AS1",3
"RASSF8",3
"GAS2L1",9
"NFE2",5
"TBC1D10C",1
"HRK",1
"PLA2G7",12
"CR1",3
"IRAK2",3
"OLIG1",10
"MAP7D2",0
"MGST1",4
"RABEP2",2
"TNFRSF9",3
"BCL3",1
"ZNF780B",1
"FAM171A1",1
"RNF19B",1
"GPR146",5
"ZNF781",1
"SFXN2",1
"LINC02910",1
"DSC2",4
"ZNF727",1
"S1PR5",1
"CD52",3
"TPD52",1
"KATNBL1",12
"LNCATV",1
"NCF1",2
"DDIT3",1
"NUDT16",4
"RAB37",3
"CAPN3",2
"CYBC1",11
"YPEL4",1
"LIN7A",7
"ISG15",13
"GSTM1",1
"FBLN5",1
"CTSW",2
"EPPK1",1
"ITGB2-AS1",2
"ATP5F1E",9
"CD79B",1
"SUGCT-AS1",3
"SCAI",1
"STX18-AS1",1
"PNKD",1
"SEZ6L",1
"PRAM1",2
"BBOF1",5
"ZDHHC21",1
"LINC02915",9
"CYBRD1",4
"KLF5",7
"LPCAT2",1
"ARHGAP24",15
"CD1A",1
"FCGR1BP",10
"CIRBP",1
"SYNM",1
"TRBV27",9
"ADGRG1",1
"AGFG2",1
"NRP2",3
"DCSTAMP",3
"BTLA",1
"DIAPH2",4
"NRGN",9
"PYHIN1",1
"FCMR",1
"PSMB2",1
"POLI",1
"DPF3",6
"PRR11",2
"TMEM204",1
"CDADC1",1
"ASGR2",4
"KIF21A",1
"CSGALNACT2",2
"ZNF165",1
"GAL3ST4",1
"SOCS1",1
"RGS3",1
"SLC8A1",4
"RCBTB2",4
"SEPTIN10",12
"MIOS-DT",1
"TPST1",1
"NIBAN3",1
"PDE4DIP",3
"ARRB1",2
"GBP1",13
"KDM6B",3
"XAF1",13
"USP6NL",1
"LINC01730",1
"ZNF366",1
"UICLM",2
"MAP3K20",3
"TNFRSF21",1
"ETV5",1
"SERPINI1",1
"TYMS",7
"PCSK5",1
"GAPT",8
"LINC00513",3
"ZEB2",1
"PRKY",0
"TAFA1",1
"PHLDA2",3
"BMPR1A",1
"MYCL",4
"OR52K3P",10
"CBFA2T3",2
"CDCA5",7
"TIMP2",6
"ATG4C",1
"MARVELD1",4
"FAM210B",5
"IL18",1
"CCNG2",1
"PTPN4",1
"METRNL",1
"NCS1",1
"RSPH3",1
"NFIL3",8
"VWA5A",1
"CPEB2",1
"LDLRAP1",1
"MKI67",7
"GSTM2",1
"CCDC93",1
"ZBTB24",12
"TFR2",5
"APBA2",1
"MAP3K20-AS1",3
"AREL1",1
"RGMB",1
"TBCK",1
"ENPP2",1
"ITGAL",3
"GAS6-AS1",1
"FECH",5
"AKAP19",9
"KLHDC1",1
"BCL2L1",5
"TYROBP",2
"KLRG1",1
"TRMT1L",8
"DSP",1
"IRF7",6
"BRI3BP",1
"LOC114224",1
"ZNF84",1
"SIRPB2",4
"CA2",5
"ADRB2",1
"GADD45A",1
"AFAP1L2",1
"ZNF600",1
"SRXN1",1
"RHD",5
"NCALD",1
"SESN2",6
"SLC22A16",7
"MPZL2",1
"TOR1A",1
"CAPN2",1
"SASH1",0
"CEBPE",7
"NARF",5
"RPS27",14
"RAP1GAP2",1
"RGS16",1
"CDH1",5
"SPHK1",3
"BLVRB",5
"SEC24A",3
"CHIT1",7
"ANXA4",1
"TMOD1",5
"LDLR",3
"PMP22",7
"CA6",4
"DNAAF11",2
"RFESD",5
"FNIP1",1
"SPATA20",2
"BTK",4
"SOWAHC",3
"ZBTB20",1
"RAPGEF2",1
"CNNM3",1
"TSC22D2",8
"OLIG2",3
"CD86",4
"CDKL1",5
"ROBO1",1
"LRRC2",4
"ALDH5A1",1
"HNMT",4
"PLOD2",9
"CLEC4F",4
"SEMA6A",3
"DUSP2",1
"GNA13",1
"TMEM45A",7
"MCTP1",12
"SYNE1",10
"CMPK2",13
"VPREB3",1
"DPH6",1
"RIPK2",1
"RNF103",8
"LILRA4",1
"CALD1",9
"LGALSL",9
"DMD",2
"TDRD9",10
"TLE3",1
"THEM4",2
"CIMAP1B",2
"FAR2",10
"MBNL3",5
"ZNF44",1
"TSPAN5",5
"SPIDR",4
"KLRC3",1
"CCDC141",1
"OSCAR",10
"GPBAR1",2
"DRC8",3
"BTG3",1
"TTC9",1
"BCL2L15",7
"CSNK1D",3
"FAM153B",1
"ATXN7L1",1
"RGL4",7
"CHKA",1
"SYTL4",9
"C11orf21",4
"DMTN",5
"CLEC2D",15
"CDA",10
"SMARCD3",4
"ACSL6",1
"IFT80",1
"FHIT",1
"ERICH1",1
"TNFRSF10C",6
"SNAI3-AS1",1
"AFG2A",1
"MSANTD3",3
"HMBS",5
"CXCR1",1
"ITSN1",1
"IGH",1
"NFKB1",3
"CD80",3
"P2RY12",9
"MEGF6",1
"DCAF5",1
"TK2",4
"IRF4",2
"TMEM88",1
"TMEM156",1
"CKAP4",6
"TIGD1",1
"SANBR",1
"LAT",1
"GRSF1",1
"SPAG16",1
"PNOC",1
"CATSPER2",1
"UBXN11",2
"MAFB",1
"RIT1",1
"PRF1",1
"CEP78",1
"AOPEP",0
"EIF4G3",1
"DOCK9",1
"PLK2",1
"TMEM161B-DT",1
"LRP6",1
"HEMK2",1
"GPR27",10
"SLC16A6",1
"ZNF226",1
"CSNK1A1",2
"FGF9",3
"TRIM36",3
"TRABD2A",1
"EOMES",1
"CCDC121",1
"LINC00537",1
"CD59",1
"CARD8",12
"PGM5-AS1",1
"ITGB8",3
"ADAM22",1
"PDE4B",1
"ANXA6",1
"GIN1",1
"THEMIS",1
"PSME4",1
"MBOAT2",7
"TLR3",1
"GNG11",9
"ANKLE2",8
"PROK2",1
"NBN",3
"SCML1",4
"NUDT7",1
"PRDX2",5
"AIM2",1
"TMEM45B",6
"TFDP1",1
"PGLS",2
"ZNF582-DT",1
"PRTN3",7
"PEAR1",9
"SIGLEC10",4
"PANX2",1
"LOC145474",1
"CLIC2",5
"FRG1JP",1
"FBLN7",4
"LRIG2",1
"PRUNE2",7
"NSMCE4A",1
"SYTL3",1
"MEGF9",4
"CR1L",5
"ZNF514",1
"SULT1B1",1
"APLP2",1
"PLCB1",4
"EPB41",5
"ERP27",1
"CD300LB",4
"ZFP69",1
"PATL2",1
"CENPU",7
"NPR2",1
"IL16",11
"TSPAN2",7
"MRPL35",1
"DLGAP1-AS2",3
"F5",10
"NFIA",1
"SEPTIN7",4
"MAL",1
"LINC02562",1
"MICAL2",5
"CNKSR2",1
"ATP6V0E2",2
"IGLV3-10",1
"BEGAIN",15
"HVCN1",1
"GNG2",1
"ATP2B1-AS1",1
"CRLS1",1
"PFKFB4",4
"STAP1",1
"MFSD2A",3
"ZNF540",1
"GPRC5B",1
"JAZF1",5
"ZNF559",1
"TGIF1",3
"PIGL",1
"BTN3A3",1
"TUBB6",1
"FZD1",1
"FNDC3A",3
"ZNF331",8
"CSF2",3
"ARHGAP22",1
"RBL2",1
"CLIC4",3
"ACP3",10
"VIPR1",1
"GPRASP1",1
"FAH",5
"MED25",2
"LINC00957",8
"LOC100130357",3
"FPR2",6
"MTMR11",4
"YME1L1",1
"MAGEE1",1
"PKIA",15
"SECTM1",2
"ZNF385A",2
"TADA2A",1
"KLHL3",1
"TNFSF4",1
"AS3MT",1
"CCNL1",11
"LYPLAL1",1
"LPP",3
"TMSB10",11
"ARID5A",6
"HDC",1
"HERC5",13
"HLA-DMA",4
"GOSR2",1
"CD200",1
"LMNA",1
"HOMER1",3
"IGK",1
"CCR6",1
"ADRB1",3
"ATP10D",1
"PURB",1
"KALRN",1
"ZNF2",8
"NBEA",1
"SHTN1",4
"LMTK2",1
"LOC105374809",1
"EPSTI1",13
"KLRD1",1
"PTGDS",1
"SOS1",8
"LUC7L3",3
"CFAP97",1
"MBLAC2",1
"CRLF2",3
"SLC7A1",3
"JAG1",1
"ASAP1",1
"MEX3C",8
"SSBP2",1
"MRAS",4
"SEPTIN7P14",1
"ANKRD13C",1
"JAML",1
"GLOD5",5
"PIK3IP1-DT",1
"OXNAD1",1
"TRG-AS1",1
"NUP43",8
"EIF5A",1
"NCAM1",1
"RASA4",1
"HSPA13",1
"CDK12",1
"ZNF736",1
"RAD54B",1
"EVI5",3
"PCBD2",1
"CLEC4C",1
"KDM7A-DT",3
"GLDN",7
"ACAA2",1
"FAM161A",1
"BHLHE40",1
"METTL13",8
"TAMALIN",1
"RNMT",1
"NLRC3",1
"ST20",1
"DSE",1
"MPP1",1
"CLEC1B",9
"H2AC25",5
"CT75",3
"NCAPH2",2
"DCUN1D3",3
"GCNT2",1
"SYNE4",1
"ARRDC4",4
"CENPK",1
"LOC101928487",3
"SULF2",4
"BCORP1",0
"MAP3K2",11
"LCK",1
"LOC729870",5
"FCGR2A",4
"ARL8B",3
"CASP5",2
"ZCCHC24",3
"GABBR1",1
"SLC46A1",3
"LDLRAD4-AS1",1
"ATP8B2",1
"B4GALT5",1
"CTSH",2
"EAF2",4
"SIRPA",6
"NDST1",1
"KREMEN1",1
"H2AC11",9
"VSIG4",7
"PIWIL4",1
"RTKN2",1
"MYO1F",2
"ARL6",1
"PTTG1",5
"IFNLR1",1
"ZNF137P",1
"ASAP1-IT1",1
"HIVEP2",4
"LINC01963",1
"GLT1D1",10
"GMPS",1
"ZNF792",1
"LIPH",9
"TSPAN16-AS1",2
"IGIP",1
"NCF4",10
"MARCKS",1
"SERPINE2",4
"TMTC1",4
"IL23A",3
"SLC35D3",9
"PLEKHG1",1
"CDC42BPA",5
"RETREG1",15
"HINT2",1
"MPHOSPH6",8
"CISH",1
"SNHG9",2
"PTP4A1",1
"CSF3R",10
"CRNDE",1
"IMPA2",4
"MCTP2",1
"PJVK",1
"SLC11A2",1
"VDR",6
"MTF1",3
"SPSB1",3
"MX1",13
"CD27",1
"PPARGC1A",1
"AIF1",4
"EPOP",3
"PEG10",1
"OSER1-DT",1
"BAZ2B-AS1",7
"SMIM48",1
"RAB8B",1
"ZNF284",1
"PPOX",1
"ASAH2B",1
"BCAS4",1
"NASP",2
"CELF2",3
"H2BC8",9
"PNP",3
"GPRC5A",1
"LINC01504",4
"SLC12A9",1
"STX7",1
"MLLT3",1
"FREM3",1
"ANKRD46",1
"SVIL",1
"ZNF844",3
"ZNF418",1
"CAMK1",1
"FIG4",1
"MRNIP-DT",1
"IL31RA",1
"ZFP3",1
"PPP1R17",1
"WDR73",1
"TRIP10",3
"ITPRIP",1
"SCFD2",1
"RHOU",1
"TRAV8-6",1
"TSPYL5",1
"SNX21",1
"SAV1",3
"ACKR1",5
"PUS7",1
"ADA",6
"FLT3LG",1
"CXCL6",1
"PTPRD",3
"IL7R",15
"RIDA",1
"SAMD4A",1
"NLRC4",10
"SKAP1",1
"SGCB",1
"PRC1",7
"TENT5C",1
"GUCY1A1",1
"NABP1",3
"SIMC1P1",1
"LINC01857",1
"SLC27A3",2
"CMTM7",1
"PRKAR2B",9
"ALOX5",2
"ATP2B4",1
"LOC100190986",2
"FBXO6",2
"MYOF",10
"TMEM170B",4
"HGD",9
"PRG2",1
"GCSAM",1
"CTDSPL",9
"LONRF3",1
"TRIM71",4
"PDE3A",9
"STN1",1
"TPP2",1
"BPTF",1
"CALHM6",1
"SAMD3",1
"SCAPER",1
"HHEX",4
"VNN2",4
"SHISA2",2
"TMCC3",1
"ZNF439",1
"B3GLCT",1
"GALNT12",1
"BOC",1
"NFAM1",4
"CD9",9
"LOC105370792",1
"CDT1",7
"CRYBG3",3
"ATP8A2",1
"SDE2",5
"NINJ2",5
"NCAPG",7
"ASPM",7
"TRAPPC12",1
"SLC2A3",1
"VSIR",2
"PNPLA8",1
"SLC16A3",3
"BACH2",15
"NAIP",4
"LINC00515",4
"PPAT",1
"VCAM1",3
"PTCH1",1
"CTSB",5
"RCSD1",1
"VEPH1",9
"KLHL6",2
"TRPM6",7
"FTH1",1
"RAB31",6
"CNTLN",0
"CHMP4B",1
"TTC39B",1
"ZNF202",1
"ZNF215",2
"BATF3",6
"ADAM23",1
"TSPO",10
"ZSCAN26",1
"S100A9",10
"DHODH",1
"AASS",1
"MCTS1",1
"MSANTD2",1
"IRAG1",4
"LOC105372404",1
"TESC",5
"LINC00622",1
"SCRIB",2
"DAB2",1
"ARHGEF7",2
"CAPZA1",11
"TRAV24",1
"HOXB3",1
"KNL1",7
"ADAM9",1
"JMJD6",1
"CARNS1",1
"AGMAT",1
"CASP4LP",1
"TMEM169",1
"NRCAM",1
"DGAT2",1
"ITGA6",1
"ANO5",4
"BPNT1",1
"SPAG9",1
"RAB30",3
"TRIM32",1
"SAMHD1",3
"HNRNPC",2
"EPHB2",4
"FUCA1",3
"TESMIN",1
"MUC8",1
"FAM200B",1
"ZNF658",1
"LINC02754",1
"DNAJC10",1
"PRAG1",1
"ATP2B1",1
"ZBP1",3
"FAM20C",15
"DPY19L4",1
"DSC1",0
"CPNE8",4
"H1-2",5
"QKI",1
"WTAP",1
"MOXD1",1
"NDRG3",1
"MGLL",1
"FAM13A",3
"BBS2",1
"KIF5C",1
"LINC00667",1
"LIN37",2
"RYBP",1
"GUSBP1",1
"APOL6",13
"LOC100996756",2
"TICAM1",6
"AKAP12",1
"NLRP2",2
"DSEL",1
"DUSP1",8
"SLC25A23",1
"NFKBIZ",1
"RUNX2",1
"AXIN2",1
"HIP1",3
"PAQR8",1
"GBP1P1",1
"ZNF594",1
"LINC01355",1
"CDC14B",9
"ZNF709",1
"IGLL3P",1
"LOC100507053",1
"CD300A",4
"ZNF606",1
"RPS26",1
"GASK1B",4
"NTNG2",10
"ZNF260",1
"LOC102724638",1
"DICER1-AS1",1
"USP10",11
"NEK2",5
"PWWP3A",1
"PVRIG",1
"FGFR2",1
"RALGDS",6
"ATXN1-AS1",6
"SELP",9
"LTB4R",10
"LST1",4
"RBPMS2",9
"GPR180",1
"ZNF788P",7
"KDM4C",14
"POLB",12
"ANKRD50",1
"DOT1L",3
"MED13",14
"PCGF5",5
"KDM4B",1
"ZFYVE16",2
"KIR2DS2",1
"ZC2HC1A",4
"SAMD8",1
"ACYP1",1
"WARS2",12
"RALGPS2",1
"LEPR",9
"ANKEF1",1
"ADTRP",1
"AHSA2P",1
"MANSC1",7
"GGTA1",4
"NDFIP2",3
"DIP2C",1
"IL2",3
"ZNF365",1
"PRKCQ-AS1",1
"PHC2",1
"MAPKAPK5",1
"MSRB1",10
"TSTD1",1
"IL2RA",3
"ENTPD7",3
"DNAJC3",1
"TTC21B",1
"CIDEB",2
"LINC00339",1
"TNFSF14",3
"TUBB1",9
"GOLM1",1
"DYNC1I2",1
"SPTSSA",8
"SFI1",2
"FGD6",8
"JARID2",1
"ZSCAN2",1
"BCOR",4
"SF1",6
"FCGR1A",10
"NEK4",1
"SPTBN1",1
"ECI2",1
"NTPCR",1
"CLEC1A",4
"PIP4P2",4
"ITPRID2",2
"WNT6",0
"PPP3CB-AS1",1
"KCNQ1OT1",2
"TNFRSF13C",1
"PIK3CB",1
"UCP2",1
"CXXC5",3
"CYB561",1
"SLFN12",1
"RAD51AP1",7
"EFHC1",1
"FEM1B",8
"KLRB1",1
"EXOSC4",6
"PITPNC1",1
"PDE7A",8
"RPS6KA5",1
"TCL6",1
"HSF5",1
"CHST7",6
"MORF4L2-AS1",1
"GAS1",1
"DLC1",1
"TTTY10",0
"NID1",4
"H2AJ",3
"EMC10",1
"ZFP64",1
"PPARG",1
"ZCCHC18",1
"PARP14",13
"CORO1B",2
"PCED1B",2
"LINC00487",13
"H2AC8",9
"SORBS1",5
"BACE2",1
"BST1",10
"PIGK",1
"JPX",1
"TASOR2",14
"PIGN",1
"MIX23",0
"SCPEP1",4
"MOSPD1",5
"RC3H2",12
"CRAT",2
"COQ2",1
"LHFPL2",1
"SGSM3",1
"ERI2",1
"CLEC4D",6
"ERVK13-1",1
"PLXNB2",2
"COQ3",1
"ZNF718",1
"MAP7",1
"AMFR",5
"KIF11",7
"SNX5",1
"RHOB",4
"LRRC69",1
"CRTAP",3
"CDCA8",7
"SH2D3C",2
"CMBL",5
"TGFBR3",1
"SLC27A2",7
"NELL2",1
"DLG5",1
"IL24",1
"SPTLC1",1
"NSG1",1
"CYP4V2",1
"HDHD2",1
"COG6",1
"MS4A2",1
"LMF1",2
"ABTB2",3
"ARSD",4
"ZMYM2",8
"KDM7A",1
"LINC00597",3
"GIMAP4",1
"FKBP8",5
"THYN1",1
"TTYH2",4
"ARHGAP6",9
"CDK10",2
"PECAM1",3
"ZNF267",3
"PLAG1",1
"SOCS3",1
"FOLR1",1
"HPGD",1
"TBC1D4",1
"TMEM116",1
"RPUSD3",2
"IGF2BP3",1
"CD82",1
"TCAF1",1
"TBC1D9",1
"PGAP1",1
"DTNB-AS1",1
"GNAS",2
"RNASE2CP",10
"RTP4",1
"FUT1",7
"NAP1L3",1
"STAMBPL1",1
"SLC2A6",6
"C6orf62",1
"IFT25",1
"RUNDC3A-AS1",5
"KDELR3",1
"LOC399900",1
"TRAM2-AS1",3
"KIF13A",4
"ITGA2B",9
"AURKA",7
"ABAT",1
"BCL6",1
"HES1",1
"UBE3D",1
"THAP6",3
"RXRA",1
"ABCC3",1
"FBXL17",1
"ATP6V0C",6
"ANTXR2",1
"CSMD1",1
"SLC24A3",9
"SCD",1
"CHAC1",3
"PTPN18",4
"BTG1",8
"CSGALNACT1",3
"GYPC",5
"CRTAM",1
"SLC2A1",5
"PPP2R2B",1
"TFEC",10
"TCF4",1
"SIRPB1",4
"DKK3",3
"FUT4",1
"WHAMMP2",1
"BCL2L11",1
"COL5A3",1
"PNPLA4",1
"PPP1R3B",1
"ATP8B1-AS1",1
"ZCCHC3",1
"HEPACAM2",5
"BBS10",1
"LTB",1
"SRC",1
"MOB3B",1
"TAP2",11
"MXRA7",1
"BBLN",2
"SPATA7",1
"ACRBP",9
"HPS1",5
"ALDH3A2",4
"GPM6A",1
"SPON1",10
"MID2",3
"NOTCH3",1
"LOC102723335",1
"DENND2D",8
"PLS3",1
"CA13",12
"TLR5",1
"BCAR3",1
"IFIT2",13
"IKBIP",8
"PPP1R14A",1
"ZDHHC20",1
"GIMAP7",8
"LOC283788",1
"S1PR3",4
"TMEM64",2
"ZNF232",1
"JMY",8
"BCL11A",1
"KRCC1",8
"CENPN",1
"ELOVL4",1
"MAP3K7CL",9
"IL32",1
"SIT1",1
"LILRB2",4
"CDKN2B",8
"PLPP6",1
"MYNN",1
"PTPN23",2
"CD164",3
"NEDD9",1
"PPM1A",11
"TRAV9-2",1
"RGL1",13
"ELL2",1
"RIPOR3",5
"MICAL3",1
"NRARP",1
"ANKDD1A",1
"PDGFA",9
"CHM",3
"DDX60L",3
"ABHD6",1
"GBP5",1
"GGH",7
"CLUAP1",1
"P2RY14",1
"SNTB2",1
"HIC1",1
"DMXL1",8
"TGM2",5
"PER1",1
"TRIB3",6
"FCGRT",2
"LOC374443",1
"MYO6",0
"MGST2",4
"C2CD2",1
"TCIRG1",2
"CTSO",3
"S100A12",10
"RMND5A",5
"AVL9",14
"BSG",5
"CCNB1",7
"OXLD1",2
"TC2N",1
"LY6E",2
"ZFP14",1
"MTUS1",1
"SLC39A14",1
"CXCL16",1
"PGM3",1
"MAPK13",3
"LOC102723458",1
"GIMAP6",1
"MAX",1
"C3",1
"TPR",1
"TDRD12",1
"ANKLE1",5
"SF3A2",2
"CAMK2D",6
"ATP6V1H",1
"TBC1D22B",4
"LINC00921",1
"PLEKHA8P1",1
"LY9",1
"GLS",3
"CASP8AP2",1
"SEC62",1
"MEF2C",3
"PDCD6P1",0
"DIPK1B",2
"GATA2",1
"SLC22A5",1
"MTCL1",1
"FZD5",5
"SORL1",5
"ZFAND3",1
"CDK5R1",1
"ZC3H14",1
"RNF10",5
"ARHGEF10L",4
"PML",6
"PDE4DIPP6",8
"PINK1",5
"KLRC4",1
"LYRM7",1
"MYO9B",6
"AP1G2",2
"IGHG1",1
"PPDPF",2
"NOD2",4
"ZNF652",1
"FASLG",1
"CLCN3",1
"EMILIN2",6
"HACD4",4
"SELPLG",2
"SMIM1",5
"FAM124B",1
"ASCL2",2
"PTPRS",1
"MAP3K5-AS2",10
"ZNF683",2
"LRPPRC",1
"GCLM",3
"CEBPA",4
"STK38",1
"EZR",11
"ZNF320",1
"UBR2",2
"COMMD10",1
"SERTAD1",1
"ABHD10",3
"VASH1",0
"MAN1A1",5
"TXK",1
"DLGAP1-AS6",9
"CENPW",7
"CHURC1",1
"STRIP2",3
"MEF2A",8
"ZNF80",1
"CROT",1
"PRIMPOL",1
"MRTFB",1
"MDS2",1
"ADAM12",1
"TNNI3K",1
"GTF2H5",1
"CREB3L1",5
"SNX24",1
"RBM15",1
"PEX1",1
"ZNF83",1
"AKAP9",1
"FRMD4A",1
"L3MBTL4",3
"LRP1",4
"DENND1A",4
"FAS-AS1",1
"SNRPN",1
"FES",2
"TP53I3",10
"TPX2",7
"SULT1A1",3
"ZNF443",1
"ASAP2",9
"NICOL1",2
"DMAC1",1
"SPIN3",1
"SMAD7",1
"METTL6",1
"TPK1",4
"MIB1",1
"SSH2",1
"IDH1",1
"HSPA1L",1
"ZNF185",9
"IGF2BP2",5
"PDZK1IP1",5
"MCPH1",1
"SNX29",1
"MCOLN2",7
"CSTA",4
"NAAA",3
"RGS19",2
"NNT-AS1",1
"DST",4
"CD55",1
"TLR2",6
"FGFR3",1
"RPH3AL",1
"CENPQ",8
"DENND1B",1
"LOC105377320",14
"TPCN1",2
"LYL1",5
"TSPAN3",3
"CH25H",1
"GP5",1
"DSG2",1
"ALAD",1
"TIGD7",1
"FUCA2",4
"LDLRAD3",4
"PAX8-AS1",1
"TAGAP",1
"ZNF496",2
"ROBO3",2
"STX17",6
"RAB3D",4
"RNF207",1
"RAB11FIP3",1
"ZNF23",1
"MORC2-AS1",1
"NSUN7",1
"USP32",5
"KIR3DL3",1
"TLR10",1
"H2BC4",9
"DPP4",1
"PLPP5",1
"ERCC1",2
"HELB",1
"C5",3
"CD209",4
"DPY19L1P1",7
"IL1RL1",3
"STAB1",2
"ADORA2B",3
"BLVRA",4
"ZNF767P",1
"USO1",6
"WDR26",5
"SMYD4",1
"SEPTIN7P13",3
"LINC01260",1
"ZNF883",1
"ISYNA1",2
"SMIM14",1
"IRF6",5
"IL17RA",1
"TRAF3IP1",1
"NUSAP1",7
"TENT2",14
"ARHGAP29",1
"LILRA2",10
"ADA2",4
"LOC101929774",1
"GPR82",1
"FAM110B",10
"S100A4",4
"PCMTD1",5
"KCTD15",1
"MYCT1",9
"SLITRK4",4
"OAS2",13
"RGS14",2
"ZNF436-AS1",1
"DDX11",2
"HOTAIRM1",4
"PLK3",1
"BNIP3L",5
"TSPAN7",5
"PRXL2A",1
"KIAA0040",8
"MAP3K1",6
"COPZ2",4
"SIGLEC17P",1
"PELI1",8
"CYYR1",7
"BMX",7
"ECT2",5
"SLC48A1",5
"CHEK1",1
"MZF1",2
"ANGPTL1",1
"TMEM44-AS1",1
"YRDC",3
"ATP10A",1
"LOC101930112",1
"WASF3",9
"MRI1",1
"SH3YL1",1
"NFKBID",1
"AP2B1",5
"SYTL2",1
"ARHGAP42",5
"GSTM4",1
"COX10-DT",1
"TFRC",5
"GTSF1",1
"CDC42EP4",1
"MYO5C",1
"SLC40A1",5
"FCHSD2",3
"DEPDC1B",7
"TMEM223",11
"CD63",1
"SMCO4",4
"SLC3A2",3
"AKR7A2",1
"ICAM4",5
"FKBP1B",5
"PSMG4",15
"TKTL1",3
"CAMSAP2",4
"ANKRD10",1
"SAC3D1",1
"ZBTB3",1
"BUB1B",7
"CXCR6",1
"SLAMF8",2
"HIPK1",1
"TSPAN16",2
"OTUD7A",2
"TMEM229B",1
"SNRPA1",6
"DHCR24",1
"PLSCR1",1
"EHD3",1
"UQCC1",1
"TRAV13-1",1
"DPH5-DT",1
"KCTD12",4
"HGF",1
"TRIM51",1
"LOC105370569",1
"CELSR1",1
"FMNL2",1
"CYRIA",1
"PTPRE",1
"CCNE2",7
"SRGN",1
"H2AC18",6
"KIR2DL2",0
"KRT10-AS1",1
"SLC1A4",1
"MAP4K1",2
"CDC34",5
"CYP4F35P",1
"CDC37L1",1
"RNASEH2B",1
"MTMR3",5
"GATAD1",6
"ZNF605",1
"LGMN",0
"CTC1",1
"CETN3",1
"SORT1",10
"RMI2",7
"ATPAF1",1
"PLCG1",1
"HSD11B1-AS1",1
"PPP3R1",5
"RNF130",1
"CHI3L2",1
"FPR1",6
"SPOP",8
"ALPK1",1
"STK36",1
"SLC9A7",1
"TLR1",4
"C19orf25",1
"TDRD6",3
"HTR7P1",4
"NINJ2-AS1",4
"LINC00663",2
"FBXW7",8
"MYO1B",3
"PDLIM5",1
"GOLGA4",11
"CD4",4
"IBA57",5
"WARS1",13
"DNASE1L3",1
"ZC3H13",1
"C1orf116",5
"CUX1",2
"HMG20B",2
"ATP8B3",4
"B4GALT1",2
"CDCA7",7
"IRAK1",6
"NDST2",6
"SRGAP2",3
"CITED2",6
"ADCY9",1
"CAMSAP1",14
"AP3M2",2
"SLCO4C1",7
"BNC2",1
"C5orf34",1
"UPP1",1
"C9orf85",1
"TMOD2",1
"ANG",4
"CAV1",1
"AUTS2",15
"SSTR2",3
"KIR2DS5",0
"TMEM92",7
"GALC",1
"TENM1",1
"ENOX2",1
"CMTM5",9
"SLC15A3",6
"STK39",1
"PHC3",8
"SIK3",3
"MAN2B2",3
"TMEM273",3
"FAM117B",1
"RPS24",15
"FURIN",1
"PTER",1
"POU6F1",1
"WDR7",1
"SRSF8",6
"PRKXP1",1
"ZNF302",1
"CUEDC2",2
"PABIR3",1
"HIVEP1",3
"CFLAR",3
"MYEF2",1
"SPTLC2",1
"NAB1",1
"USP53",1
"PCED1A",1
"CCL5",1
"LAPTM4B",0
"CSTPP1",2
"USP12",5
"NRIP1",1
"ARHGAP19",3
"DPYSL2",3
"NBR1",1
"YAE1",1
"LRRN1",3
"RALA",1
"SERPINB9P1",3
"PRKCA",1
"SPI1",10
"CREB5",4
"CLECL1",1
"PHOSPHO1",5
"DUSP10",1
"ABCC4",5
"CCNA2",7
"CXCR4",1
"GANC",4
"ARAP3",10
"CFAP70",1
"NPRL2",2
"LIAS",1
"ABTB3",4
"FAM217B",1
"WDR1",1
"BCL2",1
"CYB561A3",2
"CTSD",6
"EOLA2-DT",1
"GALK2",1
"ZEB1",1
"SEPTIN1",1
"TRAV12-2",1
"MAP2K6",1
"MAP1LC3B",1
"SCGB3A1",2
"SIAH2",5
"ETNK1",12
"C10orf95-AS1",1
"C8orf88",5
"TSGA10",1
"NDUFA3",2
"SMCHD1",14
"TPM1",5
"UBASH3A",1
"VSIG10",1
"EPAS1",1
"ST8SIA1",3
"LYG1",1
"PIP5K1B",6
"DUSP6",1
"AFF4",1
"RHOBTB3",1
"ITGA4",1
"TTC7B",9
"AGTRAP",2
"SEC31B",1
"SBNO2",6
"LINC02210",1
"LIPA",3
"EPM2A",1
"SLC16A7",6
"LOC101927432",1
"ADAM28",3
"AFF1",11
"ZNF846",1
"DMXL2",3
"FAM78A",1
"SEMA4A",10
"ASAP1-IT2",1
"C9orf72",1
"ZCCHC7",6
"AMPD2",2
"SLC22A15",6
"TRAV23DV6",1
"GFI1B",9
"MAF",1
"COMMD6",1
"RGS18",9
"SLC12A2-DT",6
"STRBP",1
"SREK1",11
"AHI1",4
"ABHD5",1
"CPPED1",4
"LINC02656",1
"PAWR",1
"NEXN",9
"POLRMT",2
"CYP4F2",7
"CCR5",12
"HYMAI",11
"CCND3",1
"ATP1B2",5
"EPC1",8
"FITM2",1
"UBTD2",3
"GABPB2",1
"COL1A1",1
"TRAF3IP2",3
"TIAM1",1
"CARD6",6
"HSF2",12
"JAK1",14
"SNX22",1
"USP45",1
"HK3",10
"PCYOX1L",1
"PNISR",6
"SLC30A1",8
"HCG4",1
"CAPG",10
"DHTKD1",1
"TBC1D30",3
"CDC25A",7
"TRAV12-1",1
"RAD51C",1
"SMPDL3A",10
"ABCG1",0
"SHCBP1",7
"SIGIRR",1
"RPH3A",4
"CDH2",1
"ERMN",12
"PXYLP1",1
"PI4K2A",8
"FANCF",1
"DDX31",1
"TXNIP",3
"TBC1D5",4
"NFIB",9
"SLC25A46",1
"CCDC91",3
"EDEM3",2
"TNFSF11",4
"CXCL13",1
"GBA1LP",2
"ZNF623",1
"TSEN2",1
"CLN8",1
"HESX1",13
"SIPA1L2",1
"BOD1L1",0
"ESR1",1
"MERTK",2
"MKKS",8
"DCAF12",5
"RNF217",4
"THEMIS2",2
"TRAV13-2",1
"TMEM121B",4
"PON2",1
"CSF2RA",10
"PTPN12",1
"PAN2",1
"PGM2L1",15
"CTSLP8",3
"SEPTIN11",1
"ACAT1",2
"URB1",1
"CALHM2",4
"SDAD1-AS1",3
"TMEM30B",1
"STARD8",3
"DOP1A",1
"P2RX1",6
"CUZD1",1
"IL2RB",1
"MIR646HG",1
"ENPP3",1
"CEP128",1
"SCOC-AS1",1
"TBC1D12",1
"FPGT",1
"CTTNBP2NL",1
"ZNF717",1
"IL6ST",11
"ANK3",1
"TMA16",1
"PCCA",1
"CWC27",1
"ERAP1",1
"CD74",4
"PDGFC",4
"COCH",1
"HMBOX1",7
"LINC00158",3
"TUBE1",2
"AHCYL2",1
"CAMK2N1",1
"NAV3",1
"FLACC1",5
"WNT5A",1
"TBXAS1",4
"ZNF322",1
"SKP2",1
"CCR2",1
"FAM111A-DT",1
"ADGRE1",6
"TRPV1",1
"SIN3B",1
"ST8SIA4",1
"ZNF234",1
"TRAV25",1
"GSPT1",2
"TP53BP2",1
"SYNJ1",1
"SLC12A6",1
"PYGL",10
"SRD5A3",1
"PHLDB2",1
"WDR4",8
"DRC9",1
"ITPK1-AS1",14
"MIR23AHG",1
"TIPARP",1
"ANKRD20A5P",1
"RIN3",2
"SHLD1",5
"LMBRD1",3
"MACROH2A1",8
"LINC00205",1
"PRRG4",1
"KANSL1",2
"BCL7A",1
"CDKN3",7
"ABCC10",2
"ALKBH8",1
"RAB40C",2
"SYAP1",1
"KIF1B",1
"HM13",11
"ITGAV",3
"ALOX5AP",7
"GEMIN5",1
"GDPD5",2
"PHTF1",1
"TMEM97",1
"CENPE",7
"PDXK",3
"TMPO",6
"RLIM",1
"KRABD4",1
"TBC1D8",4
"RABGAP1L",2
"CHD2",14
"CARINH",2
"DDIT4",1
"H1-0",1
"CNRIP1",7
"ST6GAL1",1
"SLC16A1",3
"TNRC6C",3
"NRBP2",1
"JAK2",3
"KBTBD6",7
"FGD2",1
"SGMS2",10
"GPR4",3
"CLEC4E",1
"DTD2",1
"ZNF204P",1
"ABHD17C",3
"MEAK7",1
"CLN8-AS1",5
"TNFSF13B",4
"TNFSF10",1
"PCDH9",1
"PPP2R3C",2
"ZNF519",1
"TRMT13",1
"TNFRSF10B",6
"RIF1",14
"MRPL43",2
"RBM38",5
"ERLIN2",1
"ALCAM",3
"RFLNB",1
"DPY19L2P2",1
"EOLA1-DT",1
"HNRNPLL",1
"NDUFAF5",12
"ATP1B1",0
"PIDD1",2
"TGFB1",6
"LINC00540",10
"TRAV10",1
"WDFY4",2
"ENKUR",9
"VKORC1L1",1
"LPL",3
"CNST",11
"NKD1",4
"TRAV21",1
"SMIM27",2
"SLC44A1",4
"RNASEH1-DT",1
"HAVCR2",1
"RAB7A",3
"TCHP",1
"MRS2",1
"MCF2L",1
"TRIB2",1
"GPR171",15
"QRSL1",1
"LINC00665",1
"PCNX2",1
"DPPA4",1
"AIG1",10
"UHRF1",7
"ZNF487",4
"ARHGAP23",1
"PAAF1",1
"IFNAR1",8
"RIMS3",1
"SEL1L3",1
"TAF13",1
"ICMT",1
"NANOG",1
"TMEM219",4
"DYRK2",6
"P2RX7",13
"IL11RA",1
"OSBPL5",4
"BAG4",15
"RTN4IP1",1
"PIGF",1
"ELAC1",1
"KLHL18",5
"GYPE",5
"B4GALT6",1
"RAD50",1
"ATG7",1
"MARCHF3",3
"PRKCD",6
"TTN",1
"ITPRIPL2",4
"SIGMAR1",1
"TMPRSS3",1
"PIP4K2B",1
"DDX60",1
"SHKBP1",2
"RFX2",1
"TLK1",11
"LDAH",1
"TOP6BL",1
"EGLN3",1
"ARHGAP33",1
"CCDC183",1
"FLOT1",6
"RNF24",1
"DLX2",3
"LCLAT1",1
"LOC105369957",1
"DIP2A",2
"PDCD6IP",1
"LOC105372733",1
"LONRF1",8
"FAM120C",1
"MEST",1
"ALDH3B1",4
"FADS1",3
"CYP27A1",4
"TAF1A-AS1",1
"LOC105373383",2
"HELZ2",13
"MBNL1",1
"BATF2",1
"ASGR1",4
"NR1D2",6
"LINC01619",4
"LMNTD2-AS1",2
"MINPP1",5
"MIR570HG",3
"AMPD3",3
"KLC3",5
"ERCC4",1
"E2F5",1
"RBM20",1
"RITA1",2
"TRAF3IP2-AS1",1
"PITHD1",5
"ACSL5",3
"JPT2",8
"MLH3",1
"RHOG",6
"PLEKHA1",6
"MTRF1",1
"FRMD3",9
"SLC9A3-AS1",1
"PRDM2",11
"ZFP28",1
"SMARCE1",1
"BMF",1
"SIGLEC6",1
"FBXO41",1
"NET1",1
"WDR54",2
"UBE2J1",1
"MYC",2
"ACKR3",2
"CD93",1
"PLA2G4A",6
"TMT1B",7
"PNISR-AS1",1
"RNF145",3
"FLVCR1-DT",1
"LRRFIP1",11
"CAPRIN2",5
"PALM2AKAP2",3
"MTHFD2",3
"FNBP1L",5
"NFKBIE",6
"NUDT5",1
"TRAPPC5",2
"SMAD5",6
"CDC14A",5
"C10orf143",1
"MIA2",1
"SCARF1",1
"DFFB",1
"KLF9",11
"ENDOD1",5
"MCPH1-AS1",1
"RASGRP4",4
"MYLK4",1
"GATA3",1
"CEP126",1
"MAP1LC3A",3
"KCNQ5",1
"C1orf122",3
"LINC03086",1
"ACAP1",1
"H1-3",1
"LRRTM2",1
"POLR1G",1
"ZFAND5",1
"ZNF677",1
"IMPACT",3
"NAV1",1
"PRELID2",3
"TBCEL",5
"KRAS",2
"HTR2B",14
"RC3H1",1
"LILRA5",15
"TTC13",1
"LINC00189",1
"KLHDC7B-DT",13
"IP6K2",8
"THNSL1",1
"SATB1",2
"FOXN3-AS3",14
"RHBDD2",1
"PEAK1",3
"MAPKAPK3",10
"UBE2L3",1
"R3HDM4",5
"LINC00173",2
"CCDC191",1
"FAF1",1
"MLKL",10
"ZMAT3",1
"NEXMIF",1
"IFT74",1
"C1GALT1C1",8
"RASAL2",0
"PUDP",1
"MTX1",6
"CACYBP",1
"DENND5B",1
"EID2B",1
"TAMM41",1
"C5orf63",1
"SLC47A1",10
"GSPT2",1
"ZNF616",1
"SERPINB9",1
"ERMP1",1
"AK5",1
"TJP2",3
"ALG10B",1
"HCP5",8
"P2RY2",6
"PPM1M",2
"GGT7",2
"HACD2",6
"GDPD3",1
"RNASET2",5
"CELSR2",1
"RPS20",1
"PKIG",1
"CCR3",1
"AGBL3",1
"MRPL42",1
"CCDC149",4
"CCDC7",1
"LINC02481",1
"TENT5A",15
"TFEB",2
"KPNA4",1
"MSN",9
"LOC100506730",1
"PDE3B",2
"KICS2",1
"TPM2",2
"MSL3",1
"GOPC",1
"IGF1R",2
"ZNF449",1
"DAPK2",7
"SRPK1",3
"CHIC2",3
"RCAN3",6
"CD58",1
"ATP6V1D",12
"STRADB",5
"FPR3",0
"SETD4",1
"TAFA2",10
"LCP2",1
"NUDT4",5
"NAPG",5
"SLC2A5",7
"ADIPOR1",5
"REPS2",7
"CRYGS",1
"DLG3",1
"ZCCHC2",1
"TTLL5",14
"REL",2
"MAP3K8",1
"MORF4L2",11
"SPRED1",4
"PHRF1",14
"NAPA",1
"PPT1",4
"LRP5L",6
"ANKRD28",1
"GBP4",13
"SLAMF1",13
"HNRNPH1",6
"PDK1",2
"RALGAPA2",1
"WAS",2
"SOBP",1
"ZNF780A",8
"ZNF117",1
"ANXA5",3
"ZNF81",1
"GPLD1",1
"SFR1",3
"TMEM150C",1
"PLEKHO2",6
"DGKA",1
"ICOS",4
"PTGR3",1
"LINC02482",1
"RALGAPA1",14
"LRBA",1
"BCL2L14",13
"RARA-AS1",6
"SETD5",1
"TNNT1",2
"BRAF",1
"MORC2",1
"PRG4",1
"IQCH-AS1",1
"PANK1",1
"PADI2",10
"TRAV20",1
"TRIO",11
"SPOUT1",11
"MAPKAP1",3
"CLDND1",1
"PLCL1",1
"C1orf162",4
"ABCD2",1
"VSIG1",1
"MYLIP",11
"LEF1",1
"MMP25",1
"PDSS2",1
"ASAH1",1
"MEIS1",9
"PARVG",2
"QNG1",8
"SBF2",4
"ZNF263",3
"SH3BP4",0
"AXL",1
"TNFRSF25",1
"NLRP7",1
"UTS2",1
"NSMAF",3
"ZNF585B",1
"RNF170",1
"PSRC1",4
"LOXL1-AS1",1
"WDR76",8
"UST",1
"RRAS",2
"LINC00324",11
"CCND2",2
"PLXND1",3
"DNASE1",1
"GLIDR",1
"RELT",1
"ISM1",0
"PPCDC",6
"BEND5",1
"UGDH",1
"GKAP1",1
"HABP4",1
"AKT3",2
"KBTBD2",8
"ERMAP",5
"COA3",11
"PLAAT4",1
"ACTL6A",1
"JOSD1",1
"MICA-AS1",1
"LOC105371622",11
"NCAPG2",7
"AVIL",0
"BTBD8",1
"EXOC6B",1
"NPL",5
"PSMB9",1
"BDH2",1
"FASTKD1",1
"ZFYVE19",2
"HCG18",12
"TUBA1A",3
"PSMA5",1
"PLSCR4",5
"CLNS1A",3
"LMO2",4
"TRPS1",0
"DTX4",3
"RAPH1",3
"BCS1L",2
"RAB2A",1
"LGALS1",10
"RDUR",13
"STAT3",1
"CD96",15
"NUP214",4
"HEATR5B",1
"CHEK2",1
"TOMM40L",1
"YBEY",1
"NMNAT3",1
"TOR1AIP2",1
"UBA6",2
"CST7",2
"B3GALT2",1
"FYB1",1
"LOC100505915",2
"TNFSF12",2
"PIP4K2A",5
"NXT1",1
"CAPS",2
"PASK",15
"C1orf54",4
"CD2",1
"USP15",1
"MIR181A2HG",1
"LOC105369595",5
"MYZAP",9
"SLC8A1-AS1",4
"SPATA2L",6
"ANKHD1",1
"ZSCAN12",1
"MTHFD1L",1
"EWSR1",11
"SORD",1
"IKZF5",8
"CCR1",1
"ZNF266",1
"FBXL20",1
"TRIM66",1
"POLR3GL",1
"ZNF638",2
"PLCG2",3
"SH3BP2",12
"ATM",1
"RANBP9",2
"UMAD1",1
"ZNF438",3
"CEP41",1
"MT2A",1
"GPC2",1
"WASF2",1
"FAM86B2-DT",1
"FAM83A",5
"INTS7",1
"RNF19A",11
"SLC3A1",1
"GPALPP1",6
"SMC6",1
"RHEX",1
"HSPA4",1
"CTIF",4
"GPD1L",1
"NLN",1
"MED13L",11
"JADE3",1
"FBP1",15
"DPH5",1
"CISD2",5
"CA5B",1
"TRAF5",1
"EARS2",1
"PGK1",1
"MAML3",1
"NUP58",2
"SLC1A5",5
"CFL2",1
"MRPL30",1
"SYCE1L",2
"TOR1AIP1",6
"GAB2",1
"EPM2A-DT",1
"NCR3",1
"ZNF711",1
"AK9",1
"LYSET",12
"BIN2",3
"QPCT",10
"PNPT1",13
"MRPS18C",1
"SHROOM1",1
"ITGA5",6
"UBXN6",5
"MUC1",1
"TTC7A",8
"SGCE",1
"SSX2IP",1
"PAPSS2",6
"CLHC1",1
"NPRL3",5
"CAMK4",1
"ATP8A1",14
"TMEM19",2
"EPS15L1",4
"LMBRD2",1
"SHISAL2A",2
"RRN3P1",1
"ZNF512",1
"JAKMIP1",1
"IMPDH1",2
"PSMB7",11
"DDHD2",6
"SELENOP",1
"HMOX1",1
"DENND2C",4
"ZBED6",11
"AOAH",3
"DNAJC5",1
"MZB1",1
"ALAS1",6
"PARM1",1
"ELP4",1
"SYTL1",2
"DAPK1",1
"RUNX1-IT1",14
"SNAPC1",3
"NUF2",7
"ZNRF1",5
"GCM1",12
"PCIF1",8
"ZNF253",1
"XRN1",11
"CAMKK2",1
"HSPA6",2
"PIK3AP1",1
"VIL1",9
"NF1",1
"ITPKB",14
"TRIM68",1
"KAT6A",14
"BICD1",1
"NPAS2",15
"NUDT11",2
"TMEM38B",1
"SRGAP2B",11
"NDUFA11",2
"FAM89B",2
"ZNF101",5
"DOK3",6
"RNF123",5
"SDCBP2-AS1",2
"REG4",15
"TUSC1",1
"B4GAT1",1
"ENPP4",7
"TMCO6",1
"BRD3OS",1
"DZANK1",1
"PPM1F",2
"TMEM185B",1
"PUS7L",1
"AUH",1
"HSDL2",1
"NR2C1",1
"GPR22",14
"STIM1",5
"ZNF618",3
"YTHDF3",1
"GTF2H2B",1
"MYO15B",2
"PYROXD2",1
"KIAA1958",2
"CKS2",1
"SMG1",11
"SNORA21",1
"LOC101928893",1
"MED16",2
"ZNF585A",1
"PIK3R5",6
"ZAP70",1
"CNOT6L",1
"CUL3",1
"KCTD21",12
"MTHFD1",1
"OAZ2",1
"MAPK6",8
"CCDC127",1
"NR1H3",1
"IFITM3",6
"NDUFS8",2
"SUPT7L",1
"LOC101928419",9
"CACNA1A",1
"CYB5A",1
"SMAD4",2
"STKLD1",12
"PLAGL2",1
"CCDC25",1
"PIM3",1
"SHROOM4",7
"CCDC50",1
"POLH",1
"APCDD1",1
"VPS37C",6
"NBR2",1
"JAM3",1
"FAM201A",7
"VANGL1",1
"TAOK1",2
"HCK",10
"YEATS2",8
"IPW",1
"GYG1",7
"ZDHHC19",7
"FTO",1
"HELLS",1
"UGCG",7
"MIAT",1
"NFKB2",1
"PSMF1",5
"PHF11",1
"GRINA",1
"SMIM17",1
"HSD17B12",1
"ZNF667-AS1",1
"FRG1HP",1
"LRP10",5
"B3GALT6",2
"SERPINA1",10
"AKAP7",1
"ZNF823",1
"STAT1",13
"PFN2",1
"GTF3A",1
"ANKRD20A11P",1
"GLS2",1
"ETV3",1
"KLF12",1
"TCEA3",1
"PARD6G",4
"LMLN",1
"CCDC18-AS1",1
"SYNJ2BP",1
"GNB5",1
"POC5",1
"KBTBD11",4
"PTPN6",2
"GSN",7
"NEMP1",3
"CATIP-AS1",1
"MRPL19",1
"LILRB4",10
"SLC22A23",15
"WDR19",1
"ERV3-1",9
"EFHD2",6
"PXDC1",1
"PRKAG2-AS1",3
"ARFIP1",6
"SLC26A8",7
"NQO2",10
"GINS1",7
"PURA",6
"ATOSB",1
"EIF5",1
"CD8B",1
"VPS36",1
"GRK3",4
"PVR",10
"GNL3",1
"CD3E",1
"ISCA1",5
"THAP4",1
"VTI1A",2
"G6PD",6
"ETV6",1
"LRP8",1
"LINC00304",1
"MOCS2",12
"THRAP3",2
"ZBTB1",4
"CYBB",10
"ZNF862",1
"TMEM255A",13
"DENND1C",2
"DNAAF1",1
"RIC3",1
"HAPSTR1",11
"NT5DC1",1
"ATP1B3",1
"RGS2",4
"ENTPD1",10
"CASP6",1
"MAPK8IP3",2
"PER3",1
"MARK3",1
"EXTL2",1
"GBP3",12
"CPSF1",2
"SH3BGRL3",2
"LINC00877",4
"MTPAP",8
"UBE2Q2P13",1
"DOK2",4
"HOXC4",1
"DEF6",2
"SLC18A2",1
"DGCR8",2
"SERPINF1",1
"GLB1",2
"SRD5A1",4
"CLEC12B",1
"SLC16A1-AS1",1
"PTPN7",6
"TP53RK",1
"RASSF1",2
"LRRFIP2",1
"PTEN",1
"MITF",4
"ACD",11
"RBM33",1
"ALOX12",9
"DNAJB4",3
"C1QA",6
"NSF",2
"ILDR2",4
"ACSL4",1
"ESAM-AS1",1
"PARP11",1
"AFTPH-DT",1
"ZNF431",1
"LCOR",1
"JRKL",8
"YIPF5",8
"PRDX6-AS1",1
"IFITM10",1
"BRCC3",1
"ATP2C2",7
"ICAM3",2
"RASA2",11
"NDUFAF1",1
"GIMAP5",1
"VPS51",2
"TMEM50B",1
"TMEM40",9
"GUK1",5
"TEP1",1
"MB21D2",7
"SRSF10",1
"KANSL3",1
"NHSL1",1
"SEPTIN7P2",3
"DHFR",1
"PIK3C2B",1
"ALG6",1
"TET2",1
"FMO5",4
"DTX3",2
"FYTTD1",11
"RPP30",12
"BCL11B",1
"GFUS",5
"ABI2",3
"SMAD9",1
"GSTCD",1
"KEL",5
"PARP10",2
"POLR2J4",12
"ICAM2",2
"TXNL4B",1
"MAGED2",1
"TRIM73",1
"IFIT5",13
"TNFRSF10A-DT",1
"C5orf24",11
"MPV17L",2
"RBBP8",1
"RBM28",1
"MAP2K3",1
"GRK6",6
"ANKRD6",1
"TESK1",2
"GSAP",1
"FAM111B",1
"HHAT",1
"TCAIM",1
"ACVR1C",1
"SMIM3",1
"LINC01000",6
"PHTF2",3
"KCNK6",1
"SENP6",1
"PARTICL",1
"ATF7IP2",1
"MREG",4
"ERO1A",1
"CEP290",1
"IDI2-AS1",8
"SPIRE2",1
"RNF213",3
"GNG4",4
"NUDT6",1
"L3HYPDH",1
"CCR7",15
"DNTT",1
"ZNF232-AS1",2
"LOC102724965",1
"FAS",1
"FIS1",5
"QDPR",1
"CD38",3
"SYNE2",2
"C2orf68",1
"C5AR1",1
"RMDN1",1
"ZNF404",1
"KLF3-AS1",1
"CDC25B",1
"F8",3
"EPDR1",9
"PAX6",1
"SLC26A2",2
"GPATCH1",2
"C2orf74-DT",0
"ATP11A",1
"CSRP1",2
"SPINK2",1
"PSTPIP1",1
"TMC4",2
"SLC25A20",11
"C5orf58",1
"PTP4A3",2
"DCHS1",1
"CAND2",1
"EGOT",14
"HPS1-AS1",5
"GLB1L",4
"ANKH",15
"SCYL2",1
"TMEM260",1
"TMEM263",1
"POP1",1
"SPAG5",1
"MMAA",1
"RCL1",11
"C15orf39",1
"SPAG1",7
"RUVBL2",2
"SPATA13",3
"LPAR3",1
"UBE2Z",1
"ZNF235",1
"TRMT2B",3
"NADK",6
"MAP9",1
"SRSF6",0
"TBC1D1",1
"WDCP",1
"NCEH1",4
"FUBP1",1
"S100A10",1
"CCDC15",5
"FARS2",1
"FGD3",1
"WDR5B",1
"MST1L",1
"SH3KBP1",1
"MPRIP-AS1",1
"TNIP1",1
"FEM1C",1
"TSPAN6",1
"KLF6",1
"HBZ",5
"ZBED5-AS1",1
"PIK3IP1",1
"DOCK3",1
"KNOP1",1
"PDE4A",1
"SURF4",2
"PDLIM2",2
"ATP9A",9
"MIR29B2CHG",1
"FCSK",2
"DGKE",8
"CLASP1",8
"SLC66A1",2
"ZNF692",2
"FAM3C",1
"ZNF836",5
"RAD23A",5
"TLE4",11
"RAB39B",15
"KIAA0319L",2
"DPM2",5
"DCXR",2
"GBP2",1
"VAT1",6
"RILPL2",6
"KIR3DL1",0
"FGFBP3",1
"ATAD2",1
"ICA1L",1
"PITPNA",6
"ATP8B1",1
"DDX17",6
"LNCOC1",3
"GMFB",1
"PHF19",6
"PRKRA",11
"YPEL2",0
"GDF7",1
"THAP2",1
"TRIOBP",8
"ITGB3BP",1
"CRNKL1",8
"HPF1",1
"MPV17",4
"CEP250",2
"SIDT1",1
"ATP11B",11
"FAM174B",1
"TSPAN18",1
"ERRFI1",1
"JDP2",1
"BIVM",1
"LRRC4",1
"TPGS2",5
"FLVCR2",15
"TMSB15B",1
"DGKQ",2
"STK26",3
"GM2A",4
"NRP1",3
"PGBD2",1
"FNBP4",2
"KCNA3",6
"C21orf58",5
"CHST13",2
"TCFL5",1
"ORC2",1
"IFT27",1
"UBE2A",1
"CPA5",1
"MAP4K5",11
"TTC14",1
"RASSF6",1
"EPHB4",1
"ITPR1",1
"XYLT2",1
"MAPK14",1
"SMIM20",1
"GS1-279B7.1",3
"WASF1",1
"LOC729296",0
"SFRP2",5
"ITPA",1
"MCM5",2
"PRKAB2",6
"GYS1",6
"ISG20",3
"SLC35A5",8
"RAVER2",0
"SLC6A16",1
"MVB12B",2
"PDCD4",1
"SCFD1",11
"IMMP1L",1
"DPCD",5
"C2",1
"DXO",2
"HMGCS1",1
"PALS2",2
"LNP1",1
"GATC",2
"DACH1",7
"VPS50",6
"LINC01943",7
"TMEM91",3
"MRPS12",2
"PELO",1
"ZNF503",1
"UGT8",1
"MAP2K5",1
"GLA",3
"PERP",1
"NAGA",4
"TBC1D31",1
"ZNF25",3
"ADCY10P1",1
"NUB1",7
"CDC42EP2",1
"ELK4",1
"CES2",2
"ZNHIT6",1
"FBRSL1",14
"ASB13",3
"EDF1",2
"COG1",5
"EBI3",3
"CDIN1",1
"CMC1",1
"NDN",1
"SNX30",3
"MORN4",1
"STOM",1
"MTR",1
"RTF2",1
"ALG8",1
"KPNB1",8
"ENGASE",1
"RAB32",10
"B3GNT2",1
"LHFPL6",1
"WDR45",5
"PLK4",7
"PTCD3",1
"CYB5D1",3
"GPRIN3",11
"CDC16",1
"ZBTB6",1
"EEF1AKMT2",1
"EZH2",1
"CGAS",1
"CPAP",1
"SHOX2",7
"HAUS5",1
"BLK",2
"AKAP13",2
"CTNS",11
"RNASEH2C",2
"LMBR1",3
"RAB1A",2
"GALK1",2
"FUT8",1
"ZNF543",1
"RAB18",11
"PPIP5K1",1
"ENTPD6",2
"ITGB2",4
"ASB16-AS1",1
"CLUHP3",1
"MTMR10",8
"TRAC",1
"S100A11",6
"EHBP1",6
"SLC25A28",11
"ZNF678",1
"MBOAT7",2
"SLC16A5",2
"HECTD1",11
"CTSS",4
"IKBKE",2
"ADAM8",6
"FBXO3",3
"PANK2",1
"NAGK",1
"MPPE1",3
"METTL8",1
"ZNF462",1
"RASGEF1A",4
"ZNF33B",1
"LAMC1",1
"AZIN1",3
"ZMAT4",1
"SERGEF",1
"RIPOR2",1
"POLA1",1
"NCOA3",6
"NOC4L",2
"SLC7A7",4
"LRP12",3
"AQP1",5
"ZBTB11",8
"ZWINT",7
"LACTB2",1
"HOXA3",15
"FMNL3",1
"KIAA0930",2
"CDK14",1
"TMEM107",0
"SQSTM1",1
"WEE2-AS1",1
"SYNGR1",2
"EML4",14
"SLC7A8",2
"SCG5",3
"VPS13A",1
"DYNLL1",8
"ADAMTS17",1
"TLNRD1",1
"CEP95",3
"EIF3M",6
"ZNF586",1
"SLC5A3",10
"MAPK7",6
"ENPP5",1
"LINC00680",0
"RPA4",3
"TSPOAP1",1
"COSMOC",1
"TNFSF9",1
"FAM228B",3
"GLT8D1",1
"ADAMTS6",1
"HTRA4",1
"DNAH12",1
"NFYC",2
"NPAT",6
"CACNA2D4",1
"PPARGC1B",3
"COG4",2
"NAA38",2
"UBL7-DT",1
"TMEM147-AS1",1
"PTGER2",10
"PARP8",1
"HIBCH",1
"ZFX",1
"RASGRF2",1
"NIF3L1",1
"ITFG1",1
"DDX3X",11
"LNPEP",6
"MSRA",10
"TUBGCP5",1
"RAB3IP",1
"IL18RAP",10
"COTL1",15
"ZNF85",1
"ITGB7",1
"GDPD1",1
"PTPRM",1
"RAB10",12
"HERC4",2
"ING1",1
"HS3ST3B1",1
"LINC01128",1
"GPX1",5
"SEC14L5",9
"USP42",11
"NBPF1",1
"TRAPPC1",2
"SNHG10",1
"ANAPC16",1
"TROAP",5
"ROGDI",2
"ZNF254",5
"TMEM35B",1
"CTBS",1
"LINC01588",1
"RBM45",3
"CLTCL1",7
"OPN3",1
"TMEM272",1
"ING5",1
"FCHO2",5
"BRI3",6
"UBXN8",1
"RIPK3",2
"IQGAP1",1
"UBE2B",1
"MDFIC",1
"LRCH3",1
"MTIF2",1
"NAP1L4",11
"SDHAF3",1
"CIP2A",7
"ZNF551",11
"HAGH",5
"RABL3",1
"SYNJ2",3
"CEACAM3",7
"FRMD4B",3
"IKZF1",2
"TRIQK",1
"MGME1",1
"COMMD8",3
"NUP62",1
"SPIB",1
"SMURF2",1
"MYO9A",1
"EXOSC7",1
"SEPHS1",1
"SAP18",1
"ZNRD2-DT",1
"SPTAN1",2
"RPE",6
"MAP3K2-DT",0
"ESRG",5
"CEP70",0
"CHPT1",1
"ZNF550",1
"NHLRC2",1
"C17orf100",1
"GATB",1
"LINC00662",1
"OSBPL3",6
"WDR41",6
"TAF1A",1
"SLC27A1",4
"HMGB3P1",1
"ZNF189",8
"IDE",3
"ELOVL5",1
"INPP4A",1
"MROH1",2
"DPAGT1",1
"TCEAL8",1
"MYOT",1
"TECPR2",6
"TREML1",9
"TOMM5",1
"MARCHF6",12
"ZNF624",1
"TBL1XR1",5
"MLLT10",6
"SUGT1P3",1
"GTF2H3",1
"AP4E1",1
"ARHGAP45",2
"LGR6",1
"SLC18B1",1
"DDI2",2
"PGD",1
"LTBP2",5
"LOC105369228",1
"PPM1K-DT",13
"EME2",3
"PIK3R3",1
"MEF2D",1
"HCG26",5
"CENPF",7
"BAG1",5
"DYNC2LI1",1
"RAD52",1
"SCLY",1
"CD7",1
"SLC26A6",10
"SNX19",11
"SPTY2D1",1
"COLQ",1
"ITGB8-AS1",3
"GPR160",7
"AKTIP",1
"EML6",1
"LYST",2
"ADNP2",1
"CDK17",8
"PSMD6-AS2",1
"IL1A",1
"PTBP1",1
"MBOAT1",4
"BBIP1",2
"CYP3A5",2
"ARHGAP27",2
"DNAH7",1
"USP7-AS1",5
"IFT57",3
"GALNT7-DT",1
"ZNF570",1
"CDK13",1
"RANBP10",5
"PAQR7",4
"SETD7",3
"NKAP",5
"TMEM9",1
"KLHL42",1
"LINC00624",11
"HJURP",7
"NDUFAF3",2
"DNAJC4",2
"CCDC86",1
"CLIC5",1
"SOCS2",1
"ADGRE2",6
"PIN4",1
"SNX29P2",14
"TSPAN32",2
"GSTK1",2
"SLC35H1",2
"CLCC1",1
"KLHDC4",1
"CCNC",11
"C21orf91-OT1",4
"GPAM",1
"NME7",1
"ACTR1A",6
"IGFBP7",10
"RUFY2",14
"SCRN1",3
"PCTP",5
"ZDHHC16",8
"NEIL2",6
"LRRC37A4P",6
"CRB1",5
"CRK",3
"MOSMO",1
"RPS6KA4",4
"LHPP",2
"CTH",1
"SYMPK",6
"CYRIB",8
"TMEM68",8
"MT1G",1
"EXT1",12
"ACCS",1
"TLN1",2
"SLFN5",13
"ABHD13",8
"LPGAT1",1
"ABHD18",1
"YES1",1
"TAF4",1
"PDCD5",1
"ILRUN",5
"PARP15",1
"P2RY1",0
"RPL10",2
"FRY",1
"ROPN1L",7
"C11orf58",3
"SCLT1",1
"IL23R",1
"JKAMP",3
"TMEM63A",1
"MTMR12",8
"SOX8",15
"EIF1",12
"HSD17B8",1
"PROSER2",9
"SYK",4
"EPHA4",2
"KDM8",1
"SH2D2A",3
"SUSD3",11
"ORMDL1",1
"SFMBT1",1
"PSD4",2
"GNAI1",2
"LTN1",8
"IL15RA",1
"UBASH3B",3
"PALLD",1
"IL18R1",3
"STK3",10
"PTAFR",6
"DCAF16",8
"CD84",3
"DPH3",1
"CCAR1",1
"COX10",1
"MRC1",1
"TCF25",8
"RCN2",3
"IFITM2",6
"STK11IP",2
"HIPK3",11
"EML5",1
"ZKSCAN1",1
"LMAN2L",1
"ME1",10
"GEMIN4",2
"SPMIP4",1
"FZD3",1
"TARBP1",1
"WNK1",5
"SUMF1",3
"POLR2I",2
"TCERG1",2
"GTPBP1",1
"FOXH1",2
"SPRING1",1
"BISPR",1
"OAS3",13
"SLC12A7",3
"RRP12",6
"ZNG1B",1
"AMT",1
"PHKG2",2
"ZNF544",1
"INO80E",2
"LOC101927131",1
"CFAP418",1
"GPR34",1
"GCNA",15
"SLC35G1",1
"ZDHHC3",1
"TBC1D24",1
"ETV7",13
"NUDT3",3
"TMEM242",3
"PRNP",1
"ZFP82",1
"MICOS10P1",4
"TRIM13",2
"LOC389765",1
"S1PR2",1
"TRIM23",5
"FGFR1",3
"POLR1E",15
"HNRNPD",2
"TTC38",4
"VASP",6
"THADA",6
"ELAPOR2",10
"ZFYVE1",1
"IL13RA1",4
"ABL2",3
"CTRL",15
"COQ10A",1
"CEP83",15
"HERC2",1
"PFAS",1
"MTNAP1",1
"MBTPS2",1
"DHFR2",1
"TMEM140",3
"FGR",2
"HLX",7
"PRSS16",1
"SLC25A13",1
"HMGB3",7
"XPO7",2
"CREB3L4",1
"PRDX4",1
"ZFP36",1
"TOM1",6
"PICALM",1
"SMIM5",5
"P2RX4",1
"CUL1",8
"MND1",7
"NAP1L5",1
"VRK3",2
"KIR2DL4",0
"MCEE",1
"EFCAB7",1
"CBR4",1
"MED11",1
"SLC16A14",3
"PRXL2B",2
"UNC5CL",1
"CLEC11A",6
"GOSR1",14
"ABHD12",2
"UQCC2",11
"CLCN5",4
"PABPC1L",1
"ZNF644",11
"TMEM254",1
"SUSD1",4
"SFSWAP",2
"CDK5RAP3",3
"RAB33A",1
"COX19",2
"TRAV5",1
"NPHP3",1
"HSD17B1",2
"DYNC1H1",11
"USP25",14
"NSD1",1
"TRIM61",1
"GAS7",10
"GTF2A1",11
"ZNF414",2
"CDC42EP3",1
"RBMS3",1
"DTD1",4
"ERV3-2",1
"KLF11",12
"PABIR1",1
"SPATS2",1
"CPEB3",3
"CBFA2T2",1
"ALG1",6
"CROCCP2",1
"FKBP15",6
"RBM4B",1
"FN1",1
"DIDO1",11
"FBXO30",1
"GPHN",1
"MCL1",1
"GIMAP8",1
"SNRNP25",2
"PNKP",2
"HMGA1",1
"EIF2AK1",5
"LEAP2",1
"FBXO45",1
"STIL",7
"ZNF507",6
"METTL25",1
"TLR4",10
"KCNAB1",3
"CSTB",3
"YDJC",2
"ODAD1",2
"ENDOG",2
"FAN1",1
"FAM43A",1
"DNASE1L1",2
"SETD9",1
"WNT9A",3
"BBS5",6
"TPCN2",12
"PPP1R21",1
"GALM",2
"ZSCAN9",1
"SCAMP1-AS1",1
"GTF2H1",12
"H4C8",9
"PTGS1",9
"USP46",1
"CAT",5
"ZNF785",1
"GSTO1",1
"PRRT3",1
"ZNF17",1
"TGFA",0
"STK17B",8
"NUTM2A-AS1",1
"CTSA",2
"FAM110C",1
"GSTP1",4
"PHLDB1",1
"LTAP1",1
"TTC9C",1
"ARL4C",6
"ARHGAP18",9
"DOCK8",6
"RPP25L",1
"SLC45A4",1
"ETF1",1
"DCAF17",1
"NCK1-DT",1
"SMYD2",1
"TSHR",7
"ACTR2",2
"ST3GAL6",6
"BOLA3",1
"SMARCAL1",1
"DNAJA4",5
"TREX1",2
"XKR6",1
"FAM120B",1
"STING1",1
"LOC729732",1
"TRBV25-1",1
"RSAD1",1
"TRIM14",1
"LIX1",1
"CBR3",0
"RBL1",1
"TCEA1",2
"LOC105374584",12
"BMAL2",3
"AGTPBP1",1
"NEK6",6
"PPIEL",1
"FCER2",2
"TRA2B",8
"DSCC1",7
"PAIP2B",1
"CHROMR",2
"PSPC1",14
"TMEM181",3
"FRYL",11
"TANK",1
"PAGR1",1
"AMN1",1
"PLEKHA8",1
"PIGM",1
"CCT6B",8
"DNAAF5",1
"AP5M1",1
"PGGHG",1
"APBB1IP",1
"SPATS2L",13
"FAM98A",2
"RHOH",2
"CORO2B",1
"MED23",12
"ZSCAN30",1
"RBCK1",2
"TXNDC9",8
"DMRTC2",8
"LGALS3BP",2
"SCRN2",2
"GORASP1",4
"LAMP2",1
"ZCCHC10",1
"FAM167A",0
"MIATNB",3
"SELENOI",11
"PROM2",1
"GSDMB",1
"NKX3-1",1
"VANGL2",1
"ZNF850",1
"SEPTIN2",0
"SERPINE1",1
"DROSHA",1
"PRDM1",0
"FHL1",1
"ZNF426",1
"ZNF826P",1
"CCDC125",10
"CA4",7
"FHL2",5
"ZNF746",1
"RDX",1
"SGMS1",3
"TMEM165",5
"ADCY7",12
"CRIP1",2
"CHIC1",6
"TCF7L2",1
"RAB12",1
"MBTD1",6
"SCAF11",14
"MPRIP",1
"LAP3",13
"PREPL",0
"EHF",3
"PPM1H",10
"ZNF280B",1
"ECHS1",2
"CYP2U1",1
"PARP9",13
"CARF",1
"PARD6B",1
"TSHZ3",4
"MLC1",4
"ATP13A4",1
"SPINT1",4
"CTSE",5
"CTLA4",2
"RPAP3",1
"TLE1",1
"ROCK2",1
"ZNF880",1
"SGPP1",1
"FBXO32",2
"ORAI2",2
"PYCARD-AS1",2
"MBD5",1
"SEMA4D",2
"SERPINB6",4
"IL15",13
"SLC38A9",1
"SLC38A6",1
"PARG",1
"MTIF3",1
"IGHE",2
"SMAD1",4
"SIDT2",1
"ZBTB21",1
"OGA",11
"GOLGA2P5",1
"ZBTB40",1
"ITPR2",1
"NREP",1
"BICDL1",4
"ZNF710-AS1",1
"LOC105375547",1
"ZNF521",7
"VPS72",1
"MAN2B1",2
"PARVB",9
"RMDN2",1
"NSUN5P1",1
"CFAP44",1
"RAB4A",1
"HEATR3",1
"MED14",14
"BACE1",4
"RPL31",1
"ARMH3",8
"NEK3",3
"PLCXD2",7
"ADAM17",6
"VPS13D",1
"TRUB1",1
"ZNF561",1
"RBM3",1
"PEPD",3
"ATG2A",1
"COQ5",1
"FERMT3",6
"IFI35",13
"ZDHHC12-DT",1
"ERMARD",1
"RLIG1",1
"RADX",1
"LINC00954",1
"CREG1",1
"ZNF106",4
"SNAP23",6
"PGS1",6
"DHRS3",7
"UROS",6
"ALDH6A1",1
"SRSF4",14
"SNHG3",1
"HSPD1",2
"YLPM1",1
"NKTR",6
"LINC01537",1
"F2RL2",2
"AAK1",14
"OBSCN-AS1",1
"SLC38A10",2
"DNAJA3",1
"PDLIM1",1
"PRKCSH",2
"EFHC2",1
"MSI2",14
"ZYX",10
"CDK9",11
"ABLIM3",9
"UBE2O",5
"ITM2A",10
"TMEM106A",3
"MASTL",1
"BUB1",7
"TNS3",2
"PPP1R9A",1
"E2F1",1
"HCN3",1
"PLCB2",2
"SNHG28",1
"CEP170",3
"FBXO21",6
"H2BC5",5
"MRPL54",2
"CYREN",1
"TCEAL4",4
"CD40LG",1
"MRPS14",8
"BCL2L2",4
"TNIK",10
"TCTN1",1
"CYSLTR1",1
"KLHDC7B",1
"ZMYM1",1
"TMOD3",6
"SSR1",1
"STK38L",8
"RPS16P5",14
"FAAH2",4
"SMARCAD1",1
"PMS1",1
"TBCE",1
"EIF4G2",11
"REV3L",2
"ARF3",6
"MFHAS1",1
"LPAR6",3
"MAP1S",6
"RCOR3",5
"MRPS23",1
"IRS1",1
"SKA1",7
"TBXA2R",1
"CPNE5",1
"CD68",6
"PLIN3",6
"ZNF557",3
"ADGRL1",1
"UBA5",1
"EPS8",1
"MMP24",6
"CENPX",2
"TMEM30A",1
"GPCPD1",1
"SMDT1",2
"RBM7",1
"VASH1-AS1",1
"GALNT6",5
"TBL1X",2
"NATD1",5
"MCM3AP-AS1",1
"BMP2",7
"WASL",11
"KLHL24",11
"LZTS3",1
"TPH1",1
"NUP210",1
"LARS1",1
"CHML",1
"MSS51",1
"GPR107",6
"SDR42E1",1
"ITK",1
"ACP6",0
"SNX8",1
"RAB34",15
"LIMS1",1
"PRTFDC1",9
"PREB",11
"DHRS13",1
"CD226",1
"SLC39A4",2
"MAD1L1",11
"FOXO3",5
"CRYL1",1
"ABCA5",6
"PTPRJ",1
"RSRC1",5
"JMJD1C",1
"CNOT7",1
"PRDM15",1
"CNPPD1",5
"TTC3",6
"LRRC8C",2
"TRAPPC10",2
"PAOX",2
"PLEKHA2",11
"NADSYN1",1
"ARHGEF9",1
"CCNF",7
"WDR33",1
"CRYZL1",1
"RPL15",1
"NIPAL3",1
"ZFR",11
"SLC31A1",10
"H6PD",1
"HYLS1",1
"SLC49A4",1
"PPM1K",6
"WNT16",1
"LZTFL1",1
"ABI3",3
"TFG",11
"AFG3L1P",1
"FBXL4",1
"PAM",4
"AARS2",2
"N4BP2L1",3
"PDXDC1",2
"CLSPN",7
"LNPK",6
"STK4",14
"NFIC",2
"MEN1",2
"COL5A2",0
"SRSF11",12
"ORC1",7
"RUNDC3B",6
"PIKFYVE",14
"LINC02987",1
"PLCG1-AS1",1
"URI1",1
"NBPF3",1
"SIPA1L3",1
"IFITM1",2
"DUSP3",1
"ZNF506",1
"KCNQ1",2
"ERVK3-1",1
"YIPF6",5
"PGP",2
"LSMEM1",1
"UBE2D3",11
"TMTC3",1
"SENP5",3
"ZNF664",0
"HEG1",1
"BLTP2",6
"ZNF329",1
"MCM9",1
"TMED3",2
"C17orf99",5
"SLC36A4",6
"ZNF227",1
"SLC39A10",1
"CDK6",1
"ARHGEF6",1
"DENND4A",3
"COPS7B",1
"TH2LCRR",1
"RGS5",1
"MRPS30",1
"PCK2",11
"KIF23",7
"HAUS4",1
"ACP1",5
"NAA60",2
"CMTM1",1
"RBAK",6
"SARM1",1
"VENTX",4
"ARHGDIA",6
"SLC7A6OS",1
"CCDC82",1
"GALT",2
"NSUN3",5
"ZC3H12B",1
"PRORSD1P",1
"SRSF5",2
"GNA12",1
"DDA1",1
"SH3RF1",10
"TREML3P",5
"GLRX5",5
"MMD",6
"HERC2P3",1
"FYN",15
"CCP110",1
"MAP4K4",3
"ZFP90",1
"NAALADL1",2
"REX1BD",2
"NUP98",3
"UBE2V2",8
"TPM3",1
"UTP14C",1
"IDUA",2
"TWIST1",1
"RAB24",2
"PRPSAP2",1
"RPP40",1
"BTNL8",1
"EEA1",1
"ORMDL3",6
"CLINT1",8
"LOC105374937",1
"MITD1",1
"C8orf82",2
"ST6GALNAC3",1
"XPNPEP3",12
"NCOA7",8
"PAPLN",1
"BCL10",1
"XIRP1",3
"FST",4
"SEC22A",1
"BCKDK",6
"SUMO2",12
"LIAT1",0
"TBC1D9B",2
"C15orf40",1
"STRAP",11
"BLOC1S6",2
"LOC441666",1
"UBN2",2
"LOC102724593",1
"HCG27",1
"STAM2",6
"ATAD2B",11
"PRKACA",4
"GFI1",1
"KCND3",9
"SLC36A1",1
"MARCHF7",2
"FUBP3",14
"ATP6V0A2",1
"FRAT1",4
"NCLN",1
"MORN1",1
"PPP2R5C",14
"CD101",2
"RPS27A",1
"AGPAT5",1
"MRTFA-AS1",14
"PAPOLG",8
"ACAD10",1
"BBS12",1
"CCDC126",1
"SLC25A34",1
"U2SURP",2
"PSTK",3
"CACNB2",2
"SP100",1
"DUS3L",2
"DZIP3",1
"HEBP2",2
"SLC67A1",2
"EIF2B3",1
"KIR3DS1",1
"RNF214",1
"SH3BGR",1
"TRAM2",3
"ATP5MF",2
"ENTPD1-AS1",1
"SLC35A1",1
"FXR1",8
"TSC22D1",3
"EEF1AKMT3",1
"GART",15
"POFUT4",5
"ITIH4",1
"SEC61B",8
"LBH",1
"GTPBP4",2
"RNF187",2
"LINC01806",5
"SRI",1
"ST20-AS1",1
"PSEN1",3
"OGFRL1",1
"PSMB8-AS1",1
"USP51",1
"PIGR",1
"FBXO7",5
"LOC154761",4
"YIF1B",2
"SLAIN2",11
"ASCC2",5
"ERGIC2",1
"FSTL1",9
"TFDP2",5
"STS",4
"PFKFB2",1
"ATG16L2",3
"MSANTD4",1
"MRC2",5
"LINC01093",1
"SLC17A5",1
"MRPS28",1
"CD37",3
"RORA-AS1",1
"ATPSCKMT",1
"CTBP2",10
"PPIE",1
"DCAF8",4
"UBE2I",1
"FAM177A1",3
"SLC25A53",1
"NFE2L2",1
"MAPRE1",1
"P4HTM",2
"PGPEP1",1
"NETO2",10
"ZSWIM4",1
"IER5",1
"HIPK2",2
"IRF1",13
"HNRNPA1",3
"NUDT2",1
"IFI6",13
"ARK2N",11
"PCYT1A",1
"STX3",1
"HECW2-AS1",1
"ATOSA",10
"FUS",11
"CD300C",2
"IRS2",1
"TMEM129",2
"OGG1",2
"ZNF397",2
"MORC4",1
"ARHGAP26",4
"PHPT1",2
"FAM239A",1
"RNF146",1
"WIPI1",10
"GATA1",5
"ATP5MC2",2
"COX17",5
"ECPAS",11
"WIPF1",12
"SPATA6",4
"SNX27",1
"MRPS31",1
"SLC9B1",1
"GAS2",1
"PITPNA-AS1",1
"ZNF256",1
"IRF3",1
"CLOCK",6
"ST7L",0
"LYN",1
"SPPL2A",11
"RORA",6
"IL4I1",13
"KRR1",2
"AGPAT4",3
"SET",11
"ALMS1-IT1",8
"CBX7",1
"DNAH1",2
"ELP3",1
"MMP24OS",6
"ZNF483",2
"EPM2AIP1",1
"NOTCH2",1
"H3-3B",12
"ACER3",10
"SHPRH",1
"SH3RF3",4
"C12orf76",1
"GPR3",8
"SSH1",11
"GDE1",5
"RASGRP2",1
"GRIP1",1
"TNRC6B",2
"ZMYM6",6
"CTBP1-AS",6
"HOMER3",6
"FAM98C",1
"MACO1",5
"ZNF24",2
"ERCC6L2",12
"TNFSF8",1
"METTL14",1
"CEP104",1
"POLE4",2
"UBA7",2
"MMRN1",9
"DIS3L",1
"ARHGAP12",5
"CTDSP2",5
"SOS2",1
"SEMA3C",12
"GPRASP3",1
"PPIL3",1
"CSTF2",8
"DLGAP1-AS1",3
"RAP1A",1
"SH2D4A",1
"FXYD6",10
"RAB29",6
"PRKACB",3
"NOPCHAP1",3
"ITCH",0
"CD46",8
"PHKB",6
"MBNL1-AS1",1
"UBE3C",1
"DLEU2",1
"IFI30",10
"SERPINI2",4
"TMEM185A",1
"MXI1",5
"LOXL3",10
"EED",5
"SMARCA2",5
"CBLL1",8
"METTL15",1
"FRAT2",4
"PWAR5",2
"NIPSNAP3B",1
"ACADSB",1
"MKRN1",5
"OVGP1",1
"NFATC2",1
"RALBP1",2
"FAM162A",1
"SPDL1",1
"MCCC1",1
"ITGAM",4
"TUFT1",1
"GEMIN8",1
"VAMP8",4
"WBP2",5
"DPM3",2
"SSBP1",11
"DUSP13B",7
"TIFA",3
"POMZP3",5
"LOC105369199",1
"TOR2A",2
"POP7",2
"IRF2BP2",1
"LOC101927723",9
"TET1",1
"NIBAN1",1
"TPPP3",2
"MAPRE2",1
"CARD19",1
"KLHL28",1
"LRMDA",2
"KLF7",1
"AGAP1",1
"SEC22B",3
"CASP1",10
"STARD9",1
"DNAL1",1
"TRAPPC13",11
"VPS18",6
"SIGLEC9",6
"ADSS2",1
"SH3GLB1",1
"CENPS",11
"GALNS",10
"NUDT9",1
"FAM209A",12
"RAB27A",7
"CYB5R3",2
"MCRIP1",2
"PPFIA4",4
"ZNF783",1
"SGO2",7
"TAPBPL",1
"HOOK1",1
"DNAH17",1
"GRAMD1A",3
"ST6GALNAC2",6
"KDSR",15
"ABHD14B",1
"ARHGEF37",5
"ATG2B",1
"ADH5",1
"RIMBP2",0
"TMX3",3
"ZNF213-AS1",1
"MEX3D",0
"PATL1",1
"SGSM2",2
"EHD4",1
"SEPTIN8",1
"GSTA4",1
"RRN3P2",1
"SP140",1
"DDB2",1
"PEX6",1
"CASP8",11
"MGST3",1
"FKBP4",3
"RAB11FIP1",4
"POGLUT1",1
"RBMS2",1
"COMMD7",3
"PRR4",1
"SAMD4B",1
"PHOSPHO2",1
"FARSB",6
"TECPR1",2
"ESCO1",11
"XYLT1",1
"RBBP4",6
"ATAD1",1
"SALL2",1
"WDR48",1
"CXCR5",1
"SRSF1",12
"RNF213-AS1",1
"RNF125",6
"GLIPR1",1
"NOC3L",1
"CSAD",1
"TTC31",1
"PILRA",10
"DUSP7",3
"IGLV4-60",1
"RNH1",2
"ZSCAN25",1
"RAB30-DT",2
"STXBP3",1
"FAM135A",6
"KBTBD3",1
"GLRX",4
"TRADD",2
"CREBL2",1
"TBC1D20",5
"IRF8",1
"FAM219B",1
"CNNM2",12
"DAPP1",1
"LRIF1",8
"C18orf54",1
"EIF5A2",5
"AP1G1",1
"KYAT1",1
"TOM1L1",1
"NXT2",3
"FABP5",1
"SURF1",2
"SGSM1",1
"IVD",2
"DHX9",11
"ZNF407-AS1",2
"STK24",1
"ZNF518A",1
"CYFIP2",1
"RHBDD1",1
"PNPLA1",3
"ANAPC5",6
"DCPS",3
"IFNGR1",12
"IKZF3",6
"NAB2",1
"IFT88",1
"SESTD1",1
"PRRC2C",1
"MAPK1",12
"SEMA4C",1
"NIPAL4",3
"SERPINB1",1
"FOXO4",5
"NR3C1",1
"REEP3",1
"TMEM209",1
"KIR2DL3",0
"NME4",5
"EXOSC3",12
"HCST",2
"CCDC66",3
"MCPH1-DT",1
"CARD16",2
"ARHGEF26",15
"CROCCP3",1
"G6PC3",2
"POLR3B",1
"SMARCC2",14
"SAP30",15
"CCDC14",1
"FOXM1",7
"ZNF813",1
"CCDC146",1
"SERTAD3",1
"RAD51B",1
"ENSA",1
"ATP6V0D1",6
"PHYKPL",1
"DCAF4",1
"PANX1",6
"P2RY10",10
"ZDHHC13",8
"FGD4",10
"MAGEH1",1
"GNG8",2
"FAM131B-AS2",6
"TKT",10
"MLLT11",1
"HPS3",3
"ASMTL",2
"NEDD4",3
"NRAS",1
"ZNF763",1
"CEP164",1
"LGALS9",4
"DNAJB9",1
"SVBP",5
"PLAAT3",4
"REPS1",1
"NDUFA5",11
"UNC119",2
"MACIR",7
"ELOB",2
"LRRC8B",1
"MAPKAPK5-AS1",1
"DDHD1",6
"RANBP2",1
"CD3G",1
"TNFRSF1B",6
"OLFM1",15
"CNKSR3",1
"NCF2",6
"ATP5F1D",2
"DNAJC21",1
"CTSZ",4
"MRM2",1
"SKI",1
"RBM6",1
"PVALB",9
"FEZ1",3
"TBC1D22A",2
"KIAA0513",2
"YIPF3",2
"CRISP2",7
"SPHK2",2
"PCNX1",2
"PLEKHM2",1
"HLA-DPB1",3
"AGK",1
"DENND3",6
"TMEM51",1
"SC5D",1
"CAST",0
"VPS37B",1
"TMEM182",1
"GLB1L3",1
"LINC03014",4
"KCNJ2-AS1",3
"TYSND1",1
"ARRDC2",1
"PCOLCE2",7
"LAIR1",2
"CENPV",5
"RAD51D",1
"CRIPT",1
"ATL3",1
"H2BC21",9
"TALDO1",2
"AKIRIN2",1
"LOC101928861",11
"MAPKAPK2",1
"PKM",6
"ETFBKMT",1
"RRP15",1
"STRN",5
"CORO1A",2
"ASRGL1",4
"KDM6A",12
"LSP1",2
"TBCB",2
"ESS2",2
"SP2-AS1",1
"CSE1L",8
"NOD1",1
"RAB40B",1
"APOBR",10
"CLTA",1
"GNPDA2",1
"DPP3",2
"ACVR2B",1
"DEDD2",2
"NRM",4
"ERCC6L2-AS1",1
"CDCA7L",1
"RNASEL",1
"SGK1",1
"FKBP11",1
"NIFK-AS1",1
"MTSS1",1
"EXO1",7
"RTL10",1
"IGSF6",6
"DNAJC16",1
"PPP1R3D",2
"PDE7B",1
"HENMT1",1
"IL21R",3
"ZCCHC4",1
"RUBCNL",0
"BBS4",1
"AP1AR",1
"QTGAL",10
"STX11",1
"CCNK",1
"BTRC",1
"RBM47",1
"ANAPC1",5
"CDHR3",1
"TMC5",5
"GOLGA8N",3
"FNTA",1
"PSPN",1
"TTPAL",1
"NDUFA7",2
"TRIM16",7
"HLA-DRA",4
"LZTR1",2
"ZNFX1",1
"HRH4",1
"RBFA",1
"UBXN2B",1
"MAN2C1",2
"CPOX",1
"RASGRP3",1
"LOC102725228",2
"AQP3",1
"NAV2",3
"LRRC37A2",1
"FAHD2A",1
"TRMT5",3
"SH2D3A",2
"ALG14",1
"ZNF493",6
"CHAC2",2
"BMS1P20",2
"ABCC9",0
"EVL",1
"LRRC36",1
"DDHD1-DT",1
"ANKRD11",6
"ZNF200",12
"BHLHA15",1
"C2CD3",8
"ZBTB14",3
"CAPNS1",2
"STARD4",1
"GRB14",9
"DCAF7",14
"PRKD2",2
"GPR18",1
"UPF3A",1
"AVPI1",1
"MSRB2",2
"FAAP20",2
"COX15",1
"CPQ",4
"POLQ",7
"ATP6V0E1",1
"RPL7",1
"ACTB",2
